<annotation>
	<folder>Motorcycle</folder>
	<filename>10268671_1754497014771161_346117119804459718_n.jpg</filename>
	<path>C:\Users\Witan\Desktop\LPEX\Lab\Motorcycle\10268671_1754497014771161_346117119804459718_n.jpg</path>
	<source>
		<database>Unknown</database>
	</source>
	<size>
		<width>528</width>
		<height>960</height>
		<depth>3</depth>
	</size>
	<segmented>0</segmented>
	<object>
		<name>LicensePlate</name>
		<pose>Unspecified</pose>
		<truncated>0</truncated>
		<difficult>0</difficult>
		<bndbox>
			<xmin>42</xmin>
			<ymin>453</ymin>
			<xmax>213</xmax>
			<ymax>585</ymax>
		</bndbox>
	</object>
</annotation>
