<annotation>
	<folder>Motorcycle</folder>
	<filename>12512273_1757305841156945_2301240238588678462_n.jpg</filename>
	<path>C:\Users\Witan\Desktop\LPEX\Lab\Motorcycle\12512273_1757305841156945_2301240238588678462_n.jpg</path>
	<source>
		<database>Unknown</database>
	</source>
	<size>
		<width>528</width>
		<height>960</height>
		<depth>3</depth>
	</size>
	<segmented>0</segmented>
	<object>
		<name>LicensePlate</name>
		<pose>Unspecified</pose>
		<truncated>0</truncated>
		<difficult>0</difficult>
		<bndbox>
			<xmin>28</xmin>
			<ymin>711</ymin>
			<xmax>193</xmax>
			<ymax>838</ymax>
		</bndbox>
	</object>
</annotation>
