<annotation>
	<folder>Motorcycle</folder>
	<filename>12573134_1744855852401944_1297223605179828407_n.jpg</filename>
	<path>C:\Users\Witan\Desktop\LPEX\Lab\Motorcycle\12573134_1744855852401944_1297223605179828407_n.jpg</path>
	<source>
		<database>Unknown</database>
	</source>
	<size>
		<width>540</width>
		<height>960</height>
		<depth>3</depth>
	</size>
	<segmented>0</segmented>
	<object>
		<name>LicensePlate</name>
		<pose>Unspecified</pose>
		<truncated>0</truncated>
		<difficult>0</difficult>
		<bndbox>
			<xmin>62</xmin>
			<ymin>325</ymin>
			<xmax>447</xmax>
			<ymax>610</ymax>
		</bndbox>
	</object>
</annotation>
