<annotation>
	<folder>Motorcycle</folder>
	<filename>12573826_1745139339040262_5009802291129355469_n.jpg</filename>
	<path>C:\Users\Witan\Desktop\LPEX\Lab\Motorcycle\12573826_1745139339040262_5009802291129355469_n.jpg</path>
	<source>
		<database>Unknown</database>
	</source>
	<size>
		<width>960</width>
		<height>528</height>
		<depth>3</depth>
	</size>
	<segmented>0</segmented>
	<object>
		<name>LicensePlate</name>
		<pose>Unspecified</pose>
		<truncated>1</truncated>
		<difficult>0</difficult>
		<bndbox>
			<xmin>15</xmin>
			<ymin>1</ymin>
			<xmax>163</xmax>
			<ymax>117</ymax>
		</bndbox>
	</object>
</annotation>
