<annotation>
	<folder>Motorcycle</folder>
	<filename>12592759_1745892872298242_7661460383883680355_n.jpg</filename>
	<path>C:\Users\Witan\Desktop\LPEX\Lab\Motorcycle\12592759_1745892872298242_7661460383883680355_n.jpg</path>
	<source>
		<database>Unknown</database>
	</source>
	<size>
		<width>528</width>
		<height>960</height>
		<depth>3</depth>
	</size>
	<segmented>0</segmented>
	<object>
		<name>LicensePlate</name>
		<pose>Unspecified</pose>
		<truncated>0</truncated>
		<difficult>0</difficult>
		<bndbox>
			<xmin>102</xmin>
			<ymin>527</ymin>
			<xmax>256</xmax>
			<ymax>666</ymax>
		</bndbox>
	</object>
</annotation>
