<annotation>
	<folder>Motorcycle</folder>
	<filename>12647312_1744856035735259_5551176820897370998_n.jpg</filename>
	<path>C:\Users\Witan\Desktop\LPEX\Lab\Motorcycle\12647312_1744856035735259_5551176820897370998_n.jpg</path>
	<source>
		<database>Unknown</database>
	</source>
	<size>
		<width>960</width>
		<height>540</height>
		<depth>3</depth>
	</size>
	<segmented>0</segmented>
	<object>
		<name>LicensePlate</name>
		<pose>Unspecified</pose>
		<truncated>0</truncated>
		<difficult>0</difficult>
		<bndbox>
			<xmin>108</xmin>
			<ymin>13</ymin>
			<xmax>788</xmax>
			<ymax>536</ymax>
		</bndbox>
	</object>
</annotation>
