<annotation>
	<folder>Motorcycle</folder>
	<filename>12644882_1744855799068616_5706130976768392663_n.jpg</filename>
	<path>C:\Users\Witan\Desktop\LPEX\Lab\Motorcycle\12644882_1744855799068616_5706130976768392663_n.jpg</path>
	<source>
		<database>Unknown</database>
	</source>
	<size>
		<width>540</width>
		<height>960</height>
		<depth>3</depth>
	</size>
	<segmented>0</segmented>
	<object>
		<name>LicensePlate</name>
		<pose>Unspecified</pose>
		<truncated>0</truncated>
		<difficult>0</difficult>
		<bndbox>
			<xmin>51</xmin>
			<ymin>298</ymin>
			<xmax>451</xmax>
			<ymax>623</ymax>
		</bndbox>
	</object>
</annotation>
