<annotation>
	<folder>Motorcycle</folder>
	<filename>12642808_1744855942401935_6328067073439413364_n.jpg</filename>
	<path>C:\Users\Witan\Desktop\LPEX\Lab\Motorcycle\12642808_1744855942401935_6328067073439413364_n.jpg</path>
	<source>
		<database>Unknown</database>
	</source>
	<size>
		<width>540</width>
		<height>960</height>
		<depth>3</depth>
	</size>
	<segmented>0</segmented>
	<object>
		<name>LicensePlate</name>
		<pose>Unspecified</pose>
		<truncated>0</truncated>
		<difficult>0</difficult>
		<bndbox>
			<xmin>158</xmin>
			<ymin>461</ymin>
			<xmax>456</xmax>
			<ymax>661</ymax>
		</bndbox>
	</object>
</annotation>
