<annotation>
	<folder>Motorcycle</folder>
	<filename>12705514_1757336161153913_1104652228551907693_n.jpg</filename>
	<path>C:\Users\Witan\Desktop\LPEX\Lab\Motorcycle\12705514_1757336161153913_1104652228551907693_n.jpg</path>
	<source>
		<database>Unknown</database>
	</source>
	<size>
		<width>528</width>
		<height>960</height>
		<depth>3</depth>
	</size>
	<segmented>0</segmented>
	<object>
		<name>LicensePlate</name>
		<pose>Unspecified</pose>
		<truncated>0</truncated>
		<difficult>0</difficult>
		<bndbox>
			<xmin>105</xmin>
			<ymin>287</ymin>
			<xmax>348</xmax>
			<ymax>467</ymax>
		</bndbox>
	</object>
</annotation>
