<annotation>
	<folder>Motorcycle</folder>
	<filename>12705606_1752294798324716_6455999853710034763_n.jpg</filename>
	<path>C:\Users\Witan\Desktop\LPEX\Lab\Motorcycle\12705606_1752294798324716_6455999853710034763_n.jpg</path>
	<source>
		<database>Unknown</database>
	</source>
	<size>
		<width>540</width>
		<height>960</height>
		<depth>3</depth>
	</size>
	<segmented>0</segmented>
	<object>
		<name>LicensePlate</name>
		<pose>Unspecified</pose>
		<truncated>0</truncated>
		<difficult>0</difficult>
		<bndbox>
			<xmin>101</xmin>
			<ymin>331</ymin>
			<xmax>429</xmax>
			<ymax>558</ymax>
		</bndbox>
	</object>
</annotation>
