<annotation>
	<folder>Motorcycle</folder>
	<filename>12718261_1752678018286394_4503698580174724916_n.jpg</filename>
	<path>C:\Users\Witan\Desktop\LPEX\Lab\Motorcycle\12718261_1752678018286394_4503698580174724916_n.jpg</path>
	<source>
		<database>Unknown</database>
	</source>
	<size>
		<width>528</width>
		<height>960</height>
		<depth>3</depth>
	</size>
	<segmented>0</segmented>
	<object>
		<name>LicensePlate</name>
		<pose>Unspecified</pose>
		<truncated>0</truncated>
		<difficult>0</difficult>
		<bndbox>
			<xmin>22</xmin>
			<ymin>472</ymin>
			<xmax>240</xmax>
			<ymax>661</ymax>
		</bndbox>
	</object>
</annotation>
