<annotation>
	<folder>Motorcycle</folder>
	<filename>12717907_1753402591547270_8367119998873432278_n.jpg</filename>
	<path>C:\Users\Witan\Desktop\LPEX\Lab\Motorcycle\12717907_1753402591547270_8367119998873432278_n.jpg</path>
	<source>
		<database>Unknown</database>
	</source>
	<size>
		<width>960</width>
		<height>540</height>
		<depth>3</depth>
	</size>
	<segmented>0</segmented>
	<object>
		<name>LicensePlate</name>
		<pose>Unspecified</pose>
		<truncated>0</truncated>
		<difficult>0</difficult>
		<bndbox>
			<xmin>643</xmin>
			<ymin>205</ymin>
			<xmax>769</xmax>
			<ymax>336</ymax>
		</bndbox>
	</object>
</annotation>
