<annotation>
	<folder>Motorcycle</folder>
	<filename>12718356_1754496981437831_3880002442410663870_n.jpg</filename>
	<path>C:\Users\Witan\Desktop\LPEX\Lab\Motorcycle\12718356_1754496981437831_3880002442410663870_n.jpg</path>
	<source>
		<database>Unknown</database>
	</source>
	<size>
		<width>528</width>
		<height>960</height>
		<depth>3</depth>
	</size>
	<segmented>0</segmented>
	<object>
		<name>LicensePlate</name>
		<pose>Unspecified</pose>
		<truncated>0</truncated>
		<difficult>0</difficult>
		<bndbox>
			<xmin>136</xmin>
			<ymin>429</ymin>
			<xmax>382</xmax>
			<ymax>596</ymax>
		</bndbox>
	</object>
</annotation>
