<annotation>
	<folder>Motorcycle</folder>
	<filename>12728766_1753434411544088_530395160817704114_n.jpg</filename>
	<path>C:\Users\Witan\Desktop\LPEX\Lab\Motorcycle\12728766_1753434411544088_530395160817704114_n.jpg</path>
	<source>
		<database>Unknown</database>
	</source>
	<size>
		<width>528</width>
		<height>960</height>
		<depth>3</depth>
	</size>
	<segmented>0</segmented>
	<object>
		<name>LicensePlate</name>
		<pose>Unspecified</pose>
		<truncated>0</truncated>
		<difficult>0</difficult>
		<bndbox>
			<xmin>242</xmin>
			<ymin>558</ymin>
			<xmax>475</xmax>
			<ymax>737</ymax>
		</bndbox>
	</object>
</annotation>
