<annotation>
	<folder>Motorcycle</folder>
	<filename>12742647_1753013128252883_8419612862054840730_n.jpg</filename>
	<path>C:\Users\Witan\Desktop\LPEX\Lab\Motorcycle\12742647_1753013128252883_8419612862054840730_n.jpg</path>
	<source>
		<database>Unknown</database>
	</source>
	<size>
		<width>528</width>
		<height>960</height>
		<depth>3</depth>
	</size>
	<segmented>0</segmented>
	<object>
		<name>LicensePlate</name>
		<pose>Unspecified</pose>
		<truncated>1</truncated>
		<difficult>0</difficult>
		<bndbox>
			<xmin>1</xmin>
			<ymin>495</ymin>
			<xmax>488</xmax>
			<ymax>876</ymax>
		</bndbox>
	</object>
</annotation>
