<annotation>
	<folder>Motorcycle</folder>
	<filename>12744359_1752630998291096_1063362687267696463_n.jpg</filename>
	<path>C:\Users\Witan\Desktop\LPEX\Lab\Motorcycle\12744359_1752630998291096_1063362687267696463_n.jpg</path>
	<source>
		<database>Unknown</database>
	</source>
	<size>
		<width>528</width>
		<height>960</height>
		<depth>3</depth>
	</size>
	<segmented>0</segmented>
	<object>
		<name>LicensePlate</name>
		<pose>Unspecified</pose>
		<truncated>0</truncated>
		<difficult>0</difficult>
		<bndbox>
			<xmin>41</xmin>
			<ymin>635</ymin>
			<xmax>189</xmax>
			<ymax>747</ymax>
		</bndbox>
	</object>
</annotation>
