<annotation>
	<folder>Motorcycle</folder>
	<filename>12745446_1752630988291097_1038792761770959239_n.jpg</filename>
	<path>C:\Users\Witan\Desktop\LPEX\Lab\Motorcycle\12745446_1752630988291097_1038792761770959239_n.jpg</path>
	<source>
		<database>Unknown</database>
	</source>
	<size>
		<width>528</width>
		<height>960</height>
		<depth>3</depth>
	</size>
	<segmented>0</segmented>
	<object>
		<name>LicensePlate</name>
		<pose>Unspecified</pose>
		<truncated>0</truncated>
		<difficult>0</difficult>
		<bndbox>
			<xmin>151</xmin>
			<ymin>500</ymin>
			<xmax>406</xmax>
			<ymax>698</ymax>
		</bndbox>
	</object>
</annotation>
