<annotation>
	<folder>Motorcycle</folder>
	<filename>12742766_1752252021662327_4581639660447123697_n.jpg</filename>
	<path>C:\Users\Witan\Desktop\LPEX\Lab\Motorcycle\12742766_1752252021662327_4581639660447123697_n.jpg</path>
	<source>
		<database>Unknown</database>
	</source>
	<size>
		<width>528</width>
		<height>960</height>
		<depth>3</depth>
	</size>
	<segmented>0</segmented>
	<object>
		<name>LicensePlate</name>
		<pose>Unspecified</pose>
		<truncated>0</truncated>
		<difficult>0</difficult>
		<bndbox>
			<xmin>136</xmin>
			<ymin>482</ymin>
			<xmax>412</xmax>
			<ymax>692</ymax>
		</bndbox>
	</object>
</annotation>
