<annotation>
	<folder>Motorcycle</folder>
	<filename>12742576_1753434434877419_7807391130245510864_n.jpg</filename>
	<path>C:\Users\Witan\Desktop\LPEX\Lab\Motorcycle\12742576_1753434434877419_7807391130245510864_n.jpg</path>
	<source>
		<database>Unknown</database>
	</source>
	<size>
		<width>528</width>
		<height>960</height>
		<depth>3</depth>
	</size>
	<segmented>0</segmented>
	<object>
		<name>LicensePlate</name>
		<pose>Unspecified</pose>
		<truncated>0</truncated>
		<difficult>0</difficult>
		<bndbox>
			<xmin>177</xmin>
			<ymin>543</ymin>
			<xmax>342</xmax>
			<ymax>666</ymax>
		</bndbox>
	</object>
</annotation>
