<annotation>
	<folder>Motorcycle</folder>
	<filename>12795438_1757755671111962_5090116112706513871_n.jpg</filename>
	<path>C:\Users\Witan\Desktop\LPEX\Lab\Motorcycle\12795438_1757755671111962_5090116112706513871_n.jpg</path>
	<source>
		<database>Unknown</database>
	</source>
	<size>
		<width>528</width>
		<height>960</height>
		<depth>3</depth>
	</size>
	<segmented>0</segmented>
	<object>
		<name>LicensePlate</name>
		<pose>Unspecified</pose>
		<truncated>0</truncated>
		<difficult>0</difficult>
		<bndbox>
			<xmin>162</xmin>
			<ymin>449</ymin>
			<xmax>392</xmax>
			<ymax>610</ymax>
		</bndbox>
	</object>
</annotation>
