<annotation>
	<folder>Motorcycle</folder>
	<filename>12794819_1758074697746726_4915447711753481129_o.jpg</filename>
	<path>C:\Users\Witan\Desktop\LPEX\Lab\Motorcycle\12794819_1758074697746726_4915447711753481129_o.jpg</path>
	<source>
		<database>Unknown</database>
	</source>
	<size>
		<width>720</width>
		<height>1280</height>
		<depth>3</depth>
	</size>
	<segmented>0</segmented>
	<object>
		<name>LicensePlate</name>
		<pose>Unspecified</pose>
		<truncated>0</truncated>
		<difficult>0</difficult>
		<bndbox>
			<xmin>177</xmin>
			<ymin>834</ymin>
			<xmax>341</xmax>
			<ymax>953</ymax>
		</bndbox>
	</object>
</annotation>
