<annotation>
	<folder>Motorcycle</folder>
	<filename>12791113_1756653974555465_4853826036749403228_n.jpg</filename>
	<path>C:\Users\Witan\Desktop\LPEX\Lab\Motorcycle\12791113_1756653974555465_4853826036749403228_n.jpg</path>
	<source>
		<database>Unknown</database>
	</source>
	<size>
		<width>528</width>
		<height>960</height>
		<depth>3</depth>
	</size>
	<segmented>0</segmented>
	<object>
		<name>LicensePlate</name>
		<pose>Unspecified</pose>
		<truncated>0</truncated>
		<difficult>0</difficult>
		<bndbox>
			<xmin>129</xmin>
			<ymin>479</ymin>
			<xmax>395</xmax>
			<ymax>687</ymax>
		</bndbox>
	</object>
</annotation>
