<annotation>
	<folder>Motorcycle</folder>
	<filename>12801413_1756633594557503_5502095224292751088_n.jpg</filename>
	<path>C:\Users\Witan\Desktop\LPEX\Lab\Motorcycle\12801413_1756633594557503_5502095224292751088_n.jpg</path>
	<source>
		<database>Unknown</database>
	</source>
	<size>
		<width>528</width>
		<height>960</height>
		<depth>3</depth>
	</size>
	<segmented>0</segmented>
	<object>
		<name>LicensePlate</name>
		<pose>Unspecified</pose>
		<truncated>0</truncated>
		<difficult>0</difficult>
		<bndbox>
			<xmin>118</xmin>
			<ymin>392</ymin>
			<xmax>405</xmax>
			<ymax>613</ymax>
		</bndbox>
	</object>
</annotation>
