<annotation>
	<folder>Motorcycle</folder>
	<filename>12800142_1756927097861486_829504846927959230_n.jpg</filename>
	<path>C:\Users\Witan\Desktop\LPEX\Lab\Motorcycle\12800142_1756927097861486_829504846927959230_n.jpg</path>
	<source>
		<database>Unknown</database>
	</source>
	<size>
		<width>528</width>
		<height>960</height>
		<depth>3</depth>
	</size>
	<segmented>0</segmented>
	<object>
		<name>LicensePlate</name>
		<pose>Unspecified</pose>
		<truncated>0</truncated>
		<difficult>0</difficult>
		<bndbox>
			<xmin>108</xmin>
			<ymin>543</ymin>
			<xmax>342</xmax>
			<ymax>732</ymax>
		</bndbox>
	</object>
</annotation>
