<annotation>
	<folder>Motorcycle</folder>
	<filename>12813946_1757356151151914_2242153244201607004_n.jpg</filename>
	<path>C:\Users\Witan\Desktop\LPEX\Lab\Motorcycle\12813946_1757356151151914_2242153244201607004_n.jpg</path>
	<source>
		<database>Unknown</database>
	</source>
	<size>
		<width>528</width>
		<height>960</height>
		<depth>3</depth>
	</size>
	<segmented>0</segmented>
	<object>
		<name>LicensePlate</name>
		<pose>Unspecified</pose>
		<truncated>0</truncated>
		<difficult>0</difficult>
		<bndbox>
			<xmin>237</xmin>
			<ymin>580</ymin>
			<xmax>386</xmax>
			<ymax>692</ymax>
		</bndbox>
	</object>
</annotation>
