<annotation>
	<folder>Motorcycle</folder>
	<filename>12814231_1757408397813356_817322142985858253_n.jpg</filename>
	<path>C:\Users\Witan\Desktop\LPEX\Lab\Motorcycle\12814231_1757408397813356_817322142985858253_n.jpg</path>
	<source>
		<database>Unknown</database>
	</source>
	<size>
		<width>528</width>
		<height>960</height>
		<depth>3</depth>
	</size>
	<segmented>0</segmented>
	<object>
		<name>LicensePlate</name>
		<pose>Unspecified</pose>
		<truncated>0</truncated>
		<difficult>0</difficult>
		<bndbox>
			<xmin>270</xmin>
			<ymin>618</ymin>
			<xmax>421</xmax>
			<ymax>732</ymax>
		</bndbox>
	</object>
	<object>
		<name>LicensePlate</name>
		<pose>Unspecified</pose>
		<truncated>0</truncated>
		<difficult>0</difficult>
		<bndbox>
			<xmin>118</xmin>
			<ymin>311</ymin>
			<xmax>260</xmax>
			<ymax>436</ymax>
		</bndbox>
	</object>
</annotation>
