<annotation>
	<folder>Motorcycle</folder>
	<filename>12821622_1759482994272563_2262806339241699812_n.jpg</filename>
	<path>C:\Users\Witan\Desktop\LPEX\Lab\Motorcycle\12821622_1759482994272563_2262806339241699812_n.jpg</path>
	<source>
		<database>Unknown</database>
	</source>
	<size>
		<width>528</width>
		<height>960</height>
		<depth>3</depth>
	</size>
	<segmented>0</segmented>
	<object>
		<name>LicensePlate</name>
		<pose>Unspecified</pose>
		<truncated>0</truncated>
		<difficult>0</difficult>
		<bndbox>
			<xmin>126</xmin>
			<ymin>470</ymin>
			<xmax>369</xmax>
			<ymax>663</ymax>
		</bndbox>
	</object>
</annotation>
