<annotation>
	<folder>Motorcycle</folder>
	<filename>12832431_1759483154272547_7166991962671811149_n.jpg</filename>
	<path>C:\Users\Witan\Desktop\LPEX\Lab\Motorcycle\12832431_1759483154272547_7166991962671811149_n.jpg</path>
	<source>
		<database>Unknown</database>
	</source>
	<size>
		<width>960</width>
		<height>528</height>
		<depth>3</depth>
	</size>
	<segmented>0</segmented>
	<object>
		<name>LicensePlate</name>
		<pose>Unspecified</pose>
		<truncated>0</truncated>
		<difficult>0</difficult>
		<bndbox>
			<xmin>139</xmin>
			<ymin>31</ymin>
			<xmax>779</xmax>
			<ymax>519</ymax>
		</bndbox>
	</object>
</annotation>
