<annotation>
	<folder>Motorcycle</folder>
	<filename>13312741_1797947680426094_8102186617734778232_n.jpg</filename>
	<path>C:\Users\Witan\Desktop\LPEX\Lab\Motorcycle\13312741_1797947680426094_8102186617734778232_n.jpg</path>
	<source>
		<database>Unknown</database>
	</source>
	<size>
		<width>528</width>
		<height>960</height>
		<depth>3</depth>
	</size>
	<segmented>0</segmented>
	<object>
		<name>LicensePlate</name>
		<pose>Unspecified</pose>
		<truncated>0</truncated>
		<difficult>0</difficult>
		<bndbox>
			<xmin>118</xmin>
			<ymin>556</ymin>
			<xmax>314</xmax>
			<ymax>728</ymax>
		</bndbox>
	</object>
</annotation>
