<annotation>
	<folder>Motorcycle</folder>
	<filename>13659013_657813487728823_4850768124082800596_n.jpg</filename>
	<path>C:\Users\Witan\Desktop\LPEX\Lab\Motorcycle\13659013_657813487728823_4850768124082800596_n.jpg</path>
	<source>
		<database>Unknown</database>
	</source>
	<size>
		<width>960</width>
		<height>720</height>
		<depth>3</depth>
	</size>
	<segmented>0</segmented>
	<object>
		<name>LicensePlate</name>
		<pose>Unspecified</pose>
		<truncated>0</truncated>
		<difficult>0</difficult>
		<bndbox>
			<xmin>86</xmin>
			<ymin>71</ymin>
			<xmax>837</xmax>
			<ymax>674</ymax>
		</bndbox>
	</object>
</annotation>
