<annotation>
	<folder>Motorcycle</folder>
	<filename>13680588_657813501062155_603684437643474221_n.jpg</filename>
	<path>C:\Users\Witan\Desktop\LPEX\Lab\Motorcycle\13680588_657813501062155_603684437643474221_n.jpg</path>
	<source>
		<database>Unknown</database>
	</source>
	<size>
		<width>960</width>
		<height>720</height>
		<depth>3</depth>
	</size>
	<segmented>0</segmented>
	<object>
		<name>LicensePlate</name>
		<pose>Unspecified</pose>
		<truncated>0</truncated>
		<difficult>0</difficult>
		<bndbox>
			<xmin>95</xmin>
			<ymin>64</ymin>
			<xmax>860</xmax>
			<ymax>661</ymax>
		</bndbox>
	</object>
</annotation>
