<annotation>
	<folder>Motorcycle</folder>
	<filename>13692634_659554957554676_3271420895228305336_n.jpg</filename>
	<path>C:\Users\Witan\Desktop\LPEX\Lab\Motorcycle\13692634_659554957554676_3271420895228305336_n.jpg</path>
	<source>
		<database>Unknown</database>
	</source>
	<size>
		<width>960</width>
		<height>960</height>
		<depth>3</depth>
	</size>
	<segmented>0</segmented>
	<object>
		<name>LicensePlate</name>
		<pose>Unspecified</pose>
		<truncated>0</truncated>
		<difficult>0</difficult>
		<bndbox>
			<xmin>9</xmin>
			<ymin>142</ymin>
			<xmax>935</xmax>
			<ymax>862</ymax>
		</bndbox>
	</object>
</annotation>
