<annotation>
	<folder>Motorcycle</folder>
	<filename>13716189_661740307336141_2055871479391749654_n.jpg</filename>
	<path>C:\Users\Witan\Desktop\LPEX\Lab\Motorcycle\13716189_661740307336141_2055871479391749654_n.jpg</path>
	<source>
		<database>Unknown</database>
	</source>
	<size>
		<width>960</width>
		<height>960</height>
		<depth>3</depth>
	</size>
	<segmented>0</segmented>
	<object>
		<name>LicensePlate</name>
		<pose>Unspecified</pose>
		<truncated>0</truncated>
		<difficult>0</difficult>
		<bndbox>
			<xmin>23</xmin>
			<ymin>160</ymin>
			<xmax>902</xmax>
			<ymax>846</ymax>
		</bndbox>
	</object>
</annotation>
