<annotation>
	<folder>Motorcycle</folder>
	<filename>13921027_667505520092953_1397984482760852608_n.jpg</filename>
	<path>C:\Users\Witan\Desktop\LPEX\Lab\Motorcycle\13921027_667505520092953_1397984482760852608_n.jpg</path>
	<source>
		<database>Unknown</database>
	</source>
	<size>
		<width>960</width>
		<height>720</height>
		<depth>3</depth>
	</size>
	<segmented>0</segmented>
	<object>
		<name>LicensePlate</name>
		<pose>Unspecified</pose>
		<truncated>0</truncated>
		<difficult>0</difficult>
		<bndbox>
			<xmin>77</xmin>
			<ymin>26</ymin>
			<xmax>909</xmax>
			<ymax>696</ymax>
		</bndbox>
	</object>
</annotation>
