<annotation>
	<folder>Motorcycle</folder>
	<filename>14183724_680559018787603_1224691187214433933_n.jpg</filename>
	<path>C:\Users\Witan\Desktop\LPEX\Lab\Motorcycle\14183724_680559018787603_1224691187214433933_n.jpg</path>
	<source>
		<database>Unknown</database>
	</source>
	<size>
		<width>960</width>
		<height>738</height>
		<depth>3</depth>
	</size>
	<segmented>0</segmented>
	<object>
		<name>LicensePlate</name>
		<pose>Unspecified</pose>
		<truncated>0</truncated>
		<difficult>0</difficult>
		<bndbox>
			<xmin>44</xmin>
			<ymin>59</ymin>
			<xmax>853</xmax>
			<ymax>714</ymax>
		</bndbox>
	</object>
</annotation>
