<annotation>
	<folder>Motorcycle</folder>
	<filename>14184490_685372911639547_7097448238180070234_n.jpg</filename>
	<path>C:\Users\Witan\Desktop\LPEX\Lab\Motorcycle\14184490_685372911639547_7097448238180070234_n.jpg</path>
	<source>
		<database>Unknown</database>
	</source>
	<size>
		<width>960</width>
		<height>540</height>
		<depth>3</depth>
	</size>
	<segmented>0</segmented>
	<object>
		<name>LicensePlate</name>
		<pose>Unspecified</pose>
		<truncated>0</truncated>
		<difficult>0</difficult>
		<bndbox>
			<xmin>159</xmin>
			<ymin>31</ymin>
			<xmax>809</xmax>
			<ymax>505</ymax>
		</bndbox>
	</object>
</annotation>
