<annotation>
	<folder>Motorcycle</folder>
	<filename>14199344_680885258754979_3722432008091051757_n.jpg</filename>
	<path>C:\Users\Witan\Desktop\LPEX\Lab\Motorcycle\14199344_680885258754979_3722432008091051757_n.jpg</path>
	<source>
		<database>Unknown</database>
	</source>
	<size>
		<width>960</width>
		<height>740</height>
		<depth>3</depth>
	</size>
	<segmented>0</segmented>
	<object>
		<name>LicensePlate</name>
		<pose>Unspecified</pose>
		<truncated>0</truncated>
		<difficult>0</difficult>
		<bndbox>
			<xmin>144</xmin>
			<ymin>82</ymin>
			<xmax>847</xmax>
			<ymax>662</ymax>
		</bndbox>
	</object>
</annotation>
