<annotation>
	<folder>Motorcycle</folder>
	<filename>14199647_685372928306212_112984615483629615_n.jpg</filename>
	<path>C:\Users\Witan\Desktop\LPEX\Lab\Motorcycle\14199647_685372928306212_112984615483629615_n.jpg</path>
	<source>
		<database>Unknown</database>
	</source>
	<size>
		<width>960</width>
		<height>540</height>
		<depth>3</depth>
	</size>
	<segmented>0</segmented>
	<object>
		<name>LicensePlate</name>
		<pose>Unspecified</pose>
		<truncated>0</truncated>
		<difficult>0</difficult>
		<bndbox>
			<xmin>126</xmin>
			<ymin>9</ymin>
			<xmax>913</xmax>
			<ymax>533</ymax>
		</bndbox>
	</object>
</annotation>
