<annotation>
	<folder>Motorcycle</folder>
	<filename>14199684_680885198754985_5883630331638862784_n.jpg</filename>
	<path>C:\Users\Witan\Desktop\LPEX\Lab\Motorcycle\14199684_680885198754985_5883630331638862784_n.jpg</path>
	<source>
		<database>Unknown</database>
	</source>
	<size>
		<width>960</width>
		<height>642</height>
		<depth>3</depth>
	</size>
	<segmented>0</segmented>
	<object>
		<name>LicensePlate</name>
		<pose>Unspecified</pose>
		<truncated>0</truncated>
		<difficult>0</difficult>
		<bndbox>
			<xmin>99</xmin>
			<ymin>55</ymin>
			<xmax>882</xmax>
			<ymax>625</ymax>
		</bndbox>
	</object>
</annotation>
