<annotation>
	<folder>Motorcycle</folder>
	<filename>14191940_683891821787656_6745371944701525101_n.jpg</filename>
	<path>C:\Users\Witan\Desktop\LPEX\Lab\Motorcycle\14191940_683891821787656_6745371944701525101_n.jpg</path>
	<source>
		<database>Unknown</database>
	</source>
	<size>
		<width>960</width>
		<height>720</height>
		<depth>3</depth>
	</size>
	<segmented>0</segmented>
	<object>
		<name>LicensePlate</name>
		<pose>Unspecified</pose>
		<truncated>1</truncated>
		<difficult>0</difficult>
		<bndbox>
			<xmin>1</xmin>
			<ymin>2</ymin>
			<xmax>904</xmax>
			<ymax>441</ymax>
		</bndbox>
	</object>
</annotation>
