<annotation>
	<folder>Motorcycle</folder>
	<filename>14203293_684872855022886_8829881277466568139_n.jpg</filename>
	<path>C:\Users\Witan\Desktop\LPEX\Lab\Motorcycle\14203293_684872855022886_8829881277466568139_n.jpg</path>
	<source>
		<database>Unknown</database>
	</source>
	<size>
		<width>960</width>
		<height>540</height>
		<depth>3</depth>
	</size>
	<segmented>0</segmented>
	<object>
		<name>LicensePlate</name>
		<pose>Unspecified</pose>
		<truncated>0</truncated>
		<difficult>0</difficult>
		<bndbox>
			<xmin>112</xmin>
			<ymin>4</ymin>
			<xmax>824</xmax>
			<ymax>537</ymax>
		</bndbox>
	</object>
</annotation>
