<annotation>
	<folder>Motorcycle</folder>
	<filename>14265054_683408438502661_5982580301063893782_n.jpg</filename>
	<path>C:\Users\Witan\Desktop\LPEX\Lab\Motorcycle\14265054_683408438502661_5982580301063893782_n.jpg</path>
	<source>
		<database>Unknown</database>
	</source>
	<size>
		<width>960</width>
		<height>720</height>
		<depth>3</depth>
	</size>
	<segmented>0</segmented>
	<object>
		<name>LicensePlate</name>
		<pose>Unspecified</pose>
		<truncated>0</truncated>
		<difficult>0</difficult>
		<bndbox>
			<xmin>120</xmin>
			<ymin>86</ymin>
			<xmax>859</xmax>
			<ymax>660</ymax>
		</bndbox>
	</object>
</annotation>
