<annotation>
	<folder>Motorcycle</folder>
	<filename>14344060_691627011014137_5836706857274336901_n.jpg</filename>
	<path>C:\Users\Witan\Desktop\LPEX\Lab\Motorcycle\14344060_691627011014137_5836706857274336901_n.jpg</path>
	<source>
		<database>Unknown</database>
	</source>
	<size>
		<width>960</width>
		<height>540</height>
		<depth>3</depth>
	</size>
	<segmented>0</segmented>
	<object>
		<name>LicensePlate</name>
		<pose>Unspecified</pose>
		<truncated>0</truncated>
		<difficult>0</difficult>
		<bndbox>
			<xmin>232</xmin>
			<ymin>32</ymin>
			<xmax>854</xmax>
			<ymax>471</ymax>
		</bndbox>
	</object>
</annotation>
