<annotation>
	<folder>Motorcycle</folder>
	<filename>14359024_689145251262313_5708422333362257340_n.jpg</filename>
	<path>C:\Users\Witan\Desktop\LPEX\Lab\Motorcycle\14359024_689145251262313_5708422333362257340_n.jpg</path>
	<source>
		<database>Unknown</database>
	</source>
	<size>
		<width>960</width>
		<height>720</height>
		<depth>3</depth>
	</size>
	<segmented>0</segmented>
	<object>
		<name>LicensePlate</name>
		<pose>Unspecified</pose>
		<truncated>0</truncated>
		<difficult>0</difficult>
		<bndbox>
			<xmin>66</xmin>
			<ymin>67</ymin>
			<xmax>864</xmax>
			<ymax>680</ymax>
		</bndbox>
	</object>
</annotation>
