<annotation>
	<folder>Motorcycle</folder>
	<filename>14591784_1866098173611044_1762178017250566420_n.jpg</filename>
	<path>C:\Users\Witan\Desktop\LPEX\Lab\Motorcycle\14591784_1866098173611044_1762178017250566420_n.jpg</path>
	<source>
		<database>Unknown</database>
	</source>
	<size>
		<width>528</width>
		<height>960</height>
		<depth>3</depth>
	</size>
	<segmented>0</segmented>
	<object>
		<name>LicensePlate</name>
		<pose>Unspecified</pose>
		<truncated>0</truncated>
		<difficult>0</difficult>
		<bndbox>
			<xmin>56</xmin>
			<ymin>406</ymin>
			<xmax>354</xmax>
			<ymax>624</ymax>
		</bndbox>
	</object>
</annotation>
