<annotation>
	<folder>Motorcycle</folder>
	<filename>1499443_557766400973661_715015989_n.jpg</filename>
	<path>C:\Users\Witan\Desktop\LPEX\Lab\Motorcycle\1499443_557766400973661_715015989_n.jpg</path>
	<source>
		<database>Unknown</database>
	</source>
	<size>
		<width>720</width>
		<height>960</height>
		<depth>3</depth>
	</size>
	<segmented>0</segmented>
	<object>
		<name>LicensePlate</name>
		<pose>Unspecified</pose>
		<truncated>0</truncated>
		<difficult>0</difficult>
		<bndbox>
			<xmin>238</xmin>
			<ymin>455</ymin>
			<xmax>506</xmax>
			<ymax>637</ymax>
		</bndbox>
	</object>
</annotation>
