<annotation>
	<folder>Motorcycle</folder>
	<filename>15665850_745864142257090_1014175561205850153_n.jpg</filename>
	<path>C:\Users\Witan\Desktop\LPEX\Lab\Motorcycle\15665850_745864142257090_1014175561205850153_n.jpg</path>
	<source>
		<database>Unknown</database>
	</source>
	<size>
		<width>960</width>
		<height>610</height>
		<depth>3</depth>
	</size>
	<segmented>0</segmented>
	<object>
		<name>LicensePlate</name>
		<pose>Unspecified</pose>
		<truncated>0</truncated>
		<difficult>0</difficult>
		<bndbox>
			<xmin>139</xmin>
			<ymin>66</ymin>
			<xmax>820</xmax>
			<ymax>542</ymax>
		</bndbox>
	</object>
</annotation>
