<annotation>
	<folder>Motorcycle</folder>
	<filename>1660672_1757408274480035_8920335914247223870_n.jpg</filename>
	<path>C:\Users\Witan\Desktop\LPEX\Lab\Motorcycle\1660672_1757408274480035_8920335914247223870_n.jpg</path>
	<source>
		<database>Unknown</database>
	</source>
	<size>
		<width>528</width>
		<height>960</height>
		<depth>3</depth>
	</size>
	<segmented>0</segmented>
	<object>
		<name>LicensePlate</name>
		<pose>Unspecified</pose>
		<truncated>0</truncated>
		<difficult>0</difficult>
		<bndbox>
			<xmin>211</xmin>
			<ymin>595</ymin>
			<xmax>385</xmax>
			<ymax>718</ymax>
		</bndbox>
	</object>
</annotation>
