<annotation>
	<folder>Motorcycle</folder>
	<filename>17546857_805680989608738_8680372146753383064_o.jpg</filename>
	<path>C:\Users\Witan\Desktop\LPEX\Lab\Motorcycle\17546857_805680989608738_8680372146753383064_o.jpg</path>
	<source>
		<database>Unknown</database>
	</source>
	<size>
		<width>960</width>
		<height>1706</height>
		<depth>3</depth>
	</size>
	<segmented>0</segmented>
	<object>
		<name>LicensePlate</name>
		<pose>Unspecified</pose>
		<truncated>1</truncated>
		<difficult>0</difficult>
		<bndbox>
			<xmin>1</xmin>
			<ymin>586</ymin>
			<xmax>806</xmax>
			<ymax>1125</ymax>
		</bndbox>
	</object>
</annotation>
