<annotation>
	<folder>Motorcycle</folder>
	<filename>17966750_816225575220946_2749245618175569795_o.jpg</filename>
	<path>C:\Users\Witan\Desktop\LPEX\Lab\Motorcycle\17966750_816225575220946_2749245618175569795_o.jpg</path>
	<source>
		<database>Unknown</database>
	</source>
	<size>
		<width>1706</width>
		<height>960</height>
		<depth>3</depth>
	</size>
	<segmented>0</segmented>
	<object>
		<name>LicensePlate</name>
		<pose>Unspecified</pose>
		<truncated>0</truncated>
		<difficult>0</difficult>
		<bndbox>
			<xmin>267</xmin>
			<ymin>57</ymin>
			<xmax>1347</xmax>
			<ymax>796</ymax>
		</bndbox>
	</object>
</annotation>
