<annotation>
	<folder>Motorcycle</folder>
	<filename>21558560_905860679590768_3594675132883664395_n.jpg</filename>
	<path>C:\Users\Witan\Desktop\LPEX\Lab\Motorcycle\21558560_905860679590768_3594675132883664395_n.jpg</path>
	<source>
		<database>Unknown</database>
	</source>
	<size>
		<width>960</width>
		<height>720</height>
		<depth>3</depth>
	</size>
	<segmented>0</segmented>
	<object>
		<name>LicensePlate</name>
		<pose>Unspecified</pose>
		<truncated>0</truncated>
		<difficult>0</difficult>
		<bndbox>
			<xmin>234</xmin>
			<ymin>109</ymin>
			<xmax>650</xmax>
			<ymax>672</ymax>
		</bndbox>
	</object>
</annotation>
