<annotation>
	<folder>Motorcycle</folder>
	<filename>21557721_905397549637081_1984808461344087532_n.jpg</filename>
	<path>C:\Users\Witan\Desktop\LPEX\Lab\Motorcycle\21557721_905397549637081_1984808461344087532_n.jpg</path>
	<source>
		<database>Unknown</database>
	</source>
	<size>
		<width>960</width>
		<height>540</height>
		<depth>3</depth>
	</size>
	<segmented>0</segmented>
	<object>
		<name>LicensePlate</name>
		<pose>Unspecified</pose>
		<truncated>0</truncated>
		<difficult>0</difficult>
		<bndbox>
			<xmin>227</xmin>
			<ymin>74</ymin>
			<xmax>731</xmax>
			<ymax>423</ymax>
		</bndbox>
	</object>
</annotation>
