<annotation>
	<folder>Motorcycle</folder>
	<filename>21616488_905860712924098_4652662351002818994_n.jpg</filename>
	<path>C:\Users\Witan\Desktop\LPEX\Lab\Motorcycle\21616488_905860712924098_4652662351002818994_n.jpg</path>
	<source>
		<database>Unknown</database>
	</source>
	<size>
		<width>960</width>
		<height>720</height>
		<depth>3</depth>
	</size>
	<segmented>0</segmented>
	<object>
		<name>LicensePlate</name>
		<pose>Unspecified</pose>
		<truncated>0</truncated>
		<difficult>0</difficult>
		<bndbox>
			<xmin>393</xmin>
			<ymin>281</ymin>
			<xmax>605</xmax>
			<ymax>441</ymax>
		</bndbox>
	</object>
</annotation>
