<annotation>
	<folder>Motorcycle</folder>
	<filename>21616339_905949479581888_2242559749775370127_n.jpg</filename>
	<path>C:\Users\Witan\Desktop\LPEX\Lab\Motorcycle\21616339_905949479581888_2242559749775370127_n.jpg</path>
	<source>
		<database>Unknown</database>
	</source>
	<size>
		<width>960</width>
		<height>720</height>
		<depth>3</depth>
	</size>
	<segmented>0</segmented>
	<object>
		<name>LicensePlate</name>
		<pose>Unspecified</pose>
		<truncated>0</truncated>
		<difficult>0</difficult>
		<bndbox>
			<xmin>183</xmin>
			<ymin>172</ymin>
			<xmax>754</xmax>
			<ymax>584</ymax>
		</bndbox>
	</object>
</annotation>
