<annotation>
	<folder>Motorcycle</folder>
	<filename>21616154_904928736350629_4481742434077350784_n.jpg</filename>
	<path>C:\Users\Witan\Desktop\LPEX\Lab\Motorcycle\21616154_904928736350629_4481742434077350784_n.jpg</path>
	<source>
		<database>Unknown</database>
	</source>
	<size>
		<width>960</width>
		<height>540</height>
		<depth>3</depth>
	</size>
	<segmented>0</segmented>
	<object>
		<name>LicensePlate</name>
		<pose>Unspecified</pose>
		<truncated>0</truncated>
		<difficult>0</difficult>
		<bndbox>
			<xmin>214</xmin>
			<ymin>67</ymin>
			<xmax>738</xmax>
			<ymax>427</ymax>
		</bndbox>
	</object>
</annotation>
