<annotation>
	<folder>Motorcycle</folder>
	<filename>21686477_905949709581865_6995882505754538767_n.jpg</filename>
	<path>C:\Users\Witan\Desktop\LPEX\Lab\Motorcycle\21686477_905949709581865_6995882505754538767_n.jpg</path>
	<source>
		<database>Unknown</database>
	</source>
	<size>
		<width>960</width>
		<height>720</height>
		<depth>3</depth>
	</size>
	<segmented>0</segmented>
	<object>
		<name>LicensePlate</name>
		<pose>Unspecified</pose>
		<truncated>0</truncated>
		<difficult>0</difficult>
		<bndbox>
			<xmin>32</xmin>
			<ymin>240</ymin>
			<xmax>470</xmax>
			<ymax>590</ymax>
		</bndbox>
	</object>
	<object>
		<name>LicensePlate</name>
		<pose>Unspecified</pose>
		<truncated>0</truncated>
		<difficult>0</difficult>
		<bndbox>
			<xmin>477</xmin>
			<ymin>238</ymin>
			<xmax>899</xmax>
			<ymax>590</ymax>
		</bndbox>
	</object>
</annotation>
