<annotation>
	<folder>Motorcycle</folder>
	<filename>21764933_908304026013100_8956803958684447830_n.jpg</filename>
	<path>C:\Users\Witan\Desktop\LPEX\Lab\Motorcycle\21764933_908304026013100_8956803958684447830_n.jpg</path>
	<source>
		<database>Unknown</database>
	</source>
	<size>
		<width>960</width>
		<height>720</height>
		<depth>3</depth>
	</size>
	<segmented>0</segmented>
	<object>
		<name>LicensePlate</name>
		<pose>Unspecified</pose>
		<truncated>0</truncated>
		<difficult>0</difficult>
		<bndbox>
			<xmin>361</xmin>
			<ymin>272</ymin>
			<xmax>558</xmax>
			<ymax>423</ymax>
		</bndbox>
	</object>
	<object>
		<name>LicensePlate</name>
		<pose>Unspecified</pose>
		<truncated>0</truncated>
		<difficult>0</difficult>
		<bndbox>
			<xmin>697</xmin>
			<ymin>32</ymin>
			<xmax>822</xmax>
			<ymax>116</ymax>
		</bndbox>
	</object>
</annotation>
