<annotation>
	<folder>Motorcycle</folder>
	<filename>21768044_908707799306056_7327336930090612592_n.jpg</filename>
	<path>C:\Users\Witan\Desktop\LPEX\Lab\Motorcycle\21768044_908707799306056_7327336930090612592_n.jpg</path>
	<source>
		<database>Unknown</database>
	</source>
	<size>
		<width>960</width>
		<height>720</height>
		<depth>3</depth>
	</size>
	<segmented>0</segmented>
	<object>
		<name>LicensePlate</name>
		<pose>Unspecified</pose>
		<truncated>0</truncated>
		<difficult>0</difficult>
		<bndbox>
			<xmin>383</xmin>
			<ymin>425</ymin>
			<xmax>571</xmax>
			<ymax>566</ymax>
		</bndbox>
	</object>
</annotation>
