<annotation>
	<folder>Motorcycle</folder>
	<filename>22007322_908707845972718_2281930533311223790_n.jpg</filename>
	<path>C:\Users\Witan\Desktop\LPEX\Lab\Motorcycle\22007322_908707845972718_2281930533311223790_n.jpg</path>
	<source>
		<database>Unknown</database>
	</source>
	<size>
		<width>960</width>
		<height>720</height>
		<depth>3</depth>
	</size>
	<segmented>0</segmented>
	<object>
		<name>LicensePlate</name>
		<pose>Unspecified</pose>
		<truncated>0</truncated>
		<difficult>0</difficult>
		<bndbox>
			<xmin>349</xmin>
			<ymin>258</ymin>
			<xmax>699</xmax>
			<ymax>509</ymax>
		</bndbox>
	</object>
</annotation>
