<annotation>
	<folder>Motorcycle</folder>
	<filename>22308771_915581265285376_1361754138062715794_n.jpg</filename>
	<path>C:\Users\Witan\Desktop\LPEX\Lab\Motorcycle\22308771_915581265285376_1361754138062715794_n.jpg</path>
	<source>
		<database>Unknown</database>
	</source>
	<size>
		<width>960</width>
		<height>720</height>
		<depth>3</depth>
	</size>
	<segmented>0</segmented>
	<object>
		<name>LicensePlate</name>
		<pose>Unspecified</pose>
		<truncated>0</truncated>
		<difficult>0</difficult>
		<bndbox>
			<xmin>277</xmin>
			<ymin>212</ymin>
			<xmax>761</xmax>
			<ymax>587</ymax>
		</bndbox>
	</object>
</annotation>
