<annotation>
	<folder>Motorcycle</folder>
	<filename>23131576_929112937265542_6925624398476264775_n.jpg</filename>
	<path>C:\Users\Witan\Desktop\LPEX\Lab\Motorcycle\23131576_929112937265542_6925624398476264775_n.jpg</path>
	<source>
		<database>Unknown</database>
	</source>
	<size>
		<width>960</width>
		<height>720</height>
		<depth>3</depth>
	</size>
	<segmented>0</segmented>
	<object>
		<name>LicensePlate</name>
		<pose>Unspecified</pose>
		<truncated>0</truncated>
		<difficult>0</difficult>
		<bndbox>
			<xmin>254</xmin>
			<ymin>126</ymin>
			<xmax>783</xmax>
			<ymax>522</ymax>
		</bndbox>
	</object>
</annotation>
