<annotation>
	<folder>Motorcycle</folder>
	<filename>23376506_930551223788380_2231573372594779584_n.jpg</filename>
	<path>C:\Users\Witan\Desktop\LPEX\Lab\Motorcycle\23376506_930551223788380_2231573372594779584_n.jpg</path>
	<source>
		<database>Unknown</database>
	</source>
	<size>
		<width>960</width>
		<height>540</height>
		<depth>3</depth>
	</size>
	<segmented>0</segmented>
	<object>
		<name>LicensePlate</name>
		<pose>Unspecified</pose>
		<truncated>0</truncated>
		<difficult>0</difficult>
		<bndbox>
			<xmin>296</xmin>
			<ymin>113</ymin>
			<xmax>728</xmax>
			<ymax>482</ymax>
		</bndbox>
	</object>
</annotation>
