<annotation>
	<folder>Motorcycle</folder>
	<filename>23795181_939074526269383_4230148412116917133_n.jpg</filename>
	<path>C:\Users\Witan\Desktop\LPEX\Lab\Motorcycle\23795181_939074526269383_4230148412116917133_n.jpg</path>
	<source>
		<database>Unknown</database>
	</source>
	<size>
		<width>960</width>
		<height>720</height>
		<depth>3</depth>
	</size>
	<segmented>0</segmented>
	<object>
		<name>LicensePlate</name>
		<pose>Unspecified</pose>
		<truncated>0</truncated>
		<difficult>0</difficult>
		<bndbox>
			<xmin>308</xmin>
			<ymin>368</ymin>
			<xmax>509</xmax>
			<ymax>546</ymax>
		</bndbox>
	</object>
</annotation>
