<annotation>
	<folder>Motorcycle</folder>
	<filename>23795115_939074546269381_1394756313468848692_n.jpg</filename>
	<path>C:\Users\Witan\Desktop\LPEX\Lab\Motorcycle\23795115_939074546269381_1394756313468848692_n.jpg</path>
	<source>
		<database>Unknown</database>
	</source>
	<size>
		<width>960</width>
		<height>720</height>
		<depth>3</depth>
	</size>
	<segmented>0</segmented>
	<object>
		<name>LicensePlate</name>
		<pose>Unspecified</pose>
		<truncated>0</truncated>
		<difficult>0</difficult>
		<bndbox>
			<xmin>143</xmin>
			<ymin>287</ymin>
			<xmax>854</xmax>
			<ymax>654</ymax>
		</bndbox>
	</object>
</annotation>
