<annotation>
	<folder>Motorcycle</folder>
	<filename>24129731_941310729379096_5237109441186110030_n.jpg</filename>
	<path>C:\Users\Witan\Desktop\LPEX\Lab\Motorcycle\24129731_941310729379096_5237109441186110030_n.jpg</path>
	<source>
		<database>Unknown</database>
	</source>
	<size>
		<width>960</width>
		<height>540</height>
		<depth>3</depth>
	</size>
	<segmented>0</segmented>
	<object>
		<name>LicensePlate</name>
		<pose>Unspecified</pose>
		<truncated>0</truncated>
		<difficult>0</difficult>
		<bndbox>
			<xmin>238</xmin>
			<ymin>93</ymin>
			<xmax>727</xmax>
			<ymax>445</ymax>
		</bndbox>
	</object>
</annotation>
