<annotation>
	<folder>Motorcycle</folder>
	<filename>24129589_941209612722541_1618060309186541973_n.jpg</filename>
	<path>C:\Users\Witan\Desktop\LPEX\Lab\Motorcycle\24129589_941209612722541_1618060309186541973_n.jpg</path>
	<source>
		<database>Unknown</database>
	</source>
	<size>
		<width>960</width>
		<height>720</height>
		<depth>3</depth>
	</size>
	<segmented>0</segmented>
	<object>
		<name>LicensePlate</name>
		<pose>Unspecified</pose>
		<truncated>0</truncated>
		<difficult>0</difficult>
		<bndbox>
			<xmin>170</xmin>
			<ymin>140</ymin>
			<xmax>866</xmax>
			<ymax>688</ymax>
		</bndbox>
	</object>
</annotation>
