<annotation>
	<folder>Motorcycle</folder>
	<filename>24176997_944479025728933_5598560357988153277_n.jpg</filename>
	<path>C:\Users\Witan\Desktop\LPEX\Lab\Motorcycle\24176997_944479025728933_5598560357988153277_n.jpg</path>
	<source>
		<database>Unknown</database>
	</source>
	<size>
		<width>960</width>
		<height>720</height>
		<depth>3</depth>
	</size>
	<segmented>0</segmented>
	<object>
		<name>LicensePlate</name>
		<pose>Unspecified</pose>
		<truncated>0</truncated>
		<difficult>0</difficult>
		<bndbox>
			<xmin>67</xmin>
			<ymin>180</ymin>
			<xmax>926</xmax>
			<ymax>686</ymax>
		</bndbox>
	</object>
</annotation>
