<annotation>
	<folder>Motorcycle</folder>
	<filename>24177138_943344382509064_6521879882885357614_n.jpg</filename>
	<path>C:\Users\Witan\Desktop\LPEX\Lab\Motorcycle\24177138_943344382509064_6521879882885357614_n.jpg</path>
	<source>
		<database>Unknown</database>
	</source>
	<size>
		<width>720</width>
		<height>960</height>
		<depth>3</depth>
	</size>
	<segmented>0</segmented>
	<object>
		<name>LicensePlate</name>
		<pose>Unspecified</pose>
		<truncated>0</truncated>
		<difficult>0</difficult>
		<bndbox>
			<xmin>132</xmin>
			<ymin>238</ymin>
			<xmax>609</xmax>
			<ymax>841</ymax>
		</bndbox>
	</object>
</annotation>
