<annotation>
	<folder>Motorcycle</folder>
	<filename>24232293_943344392509063_3771154959216562210_n.jpg</filename>
	<path>C:\Users\Witan\Desktop\LPEX\Lab\Motorcycle\24232293_943344392509063_3771154959216562210_n.jpg</path>
	<source>
		<database>Unknown</database>
	</source>
	<size>
		<width>720</width>
		<height>960</height>
		<depth>3</depth>
	</size>
	<segmented>0</segmented>
	<object>
		<name>LicensePlate</name>
		<pose>Unspecified</pose>
		<truncated>0</truncated>
		<difficult>0</difficult>
		<bndbox>
			<xmin>65</xmin>
			<ymin>111</ymin>
			<xmax>690</xmax>
			<ymax>884</ymax>
		</bndbox>
	</object>
</annotation>
