<annotation>
	<folder>Motorcycle</folder>
	<filename>24232887_944478999062269_4572125186547663062_n.jpg</filename>
	<path>C:\Users\Witan\Desktop\LPEX\Lab\Motorcycle\24232887_944478999062269_4572125186547663062_n.jpg</path>
	<source>
		<database>Unknown</database>
	</source>
	<size>
		<width>960</width>
		<height>720</height>
		<depth>3</depth>
	</size>
	<segmented>0</segmented>
	<object>
		<name>LicensePlate</name>
		<pose>Unspecified</pose>
		<truncated>0</truncated>
		<difficult>0</difficult>
		<bndbox>
			<xmin>404</xmin>
			<ymin>290</ymin>
			<xmax>645</xmax>
			<ymax>465</ymax>
		</bndbox>
	</object>
</annotation>
