<annotation>
	<folder>Motorcycle</folder>
	<filename>24312950_945600928950076_4034889061953437071_n.jpg</filename>
	<path>C:\Users\Witan\Desktop\LPEX\Lab\Motorcycle\24312950_945600928950076_4034889061953437071_n.jpg</path>
	<source>
		<database>Unknown</database>
	</source>
	<size>
		<width>960</width>
		<height>720</height>
		<depth>3</depth>
	</size>
	<segmented>0</segmented>
	<object>
		<name>LicensePlate</name>
		<pose>Unspecified</pose>
		<truncated>0</truncated>
		<difficult>0</difficult>
		<bndbox>
			<xmin>248</xmin>
			<ymin>100</ymin>
			<xmax>892</xmax>
			<ymax>619</ymax>
		</bndbox>
	</object>
</annotation>
