<annotation>
	<folder>Motorcycle</folder>
	<filename>24862190_945600932283409_7553790161435952482_n.jpg</filename>
	<path>C:\Users\Witan\Desktop\LPEX\Lab\Motorcycle\24862190_945600932283409_7553790161435952482_n.jpg</path>
	<source>
		<database>Unknown</database>
	</source>
	<size>
		<width>960</width>
		<height>720</height>
		<depth>3</depth>
	</size>
	<segmented>0</segmented>
	<object>
		<name>LicensePlate</name>
		<pose>Unspecified</pose>
		<truncated>0</truncated>
		<difficult>0</difficult>
		<bndbox>
			<xmin>307</xmin>
			<ymin>93</ymin>
			<xmax>891</xmax>
			<ymax>636</ymax>
		</bndbox>
	</object>
</annotation>
