<annotation>
	<folder>Motorcycle</folder>
	<filename>25443164_953153651528137_1140025367975412047_n.jpg</filename>
	<path>C:\Users\Witan\Desktop\LPEX\Lab\Motorcycle\25443164_953153651528137_1140025367975412047_n.jpg</path>
	<source>
		<database>Unknown</database>
	</source>
	<size>
		<width>960</width>
		<height>720</height>
		<depth>3</depth>
	</size>
	<segmented>0</segmented>
	<object>
		<name>LicensePlate</name>
		<pose>Unspecified</pose>
		<truncated>0</truncated>
		<difficult>0</difficult>
		<bndbox>
			<xmin>132</xmin>
			<ymin>100</ymin>
			<xmax>851</xmax>
			<ymax>651</ymax>
		</bndbox>
	</object>
</annotation>
