<annotation>
	<folder>Motorcycle</folder>
	<filename>25498203_954833628026806_5183721294821067337_n.jpg</filename>
	<path>C:\Users\Witan\Desktop\LPEX\Lab\Motorcycle\25498203_954833628026806_5183721294821067337_n.jpg</path>
	<source>
		<database>Unknown</database>
	</source>
	<size>
		<width>960</width>
		<height>720</height>
		<depth>3</depth>
	</size>
	<segmented>0</segmented>
	<object>
		<name>LicensePlate</name>
		<pose>Unspecified</pose>
		<truncated>0</truncated>
		<difficult>0</difficult>
		<bndbox>
			<xmin>504</xmin>
			<ymin>486</ymin>
			<xmax>677</xmax>
			<ymax>619</ymax>
		</bndbox>
	</object>
</annotation>
