<annotation>
	<folder>Motorcycle</folder>
	<filename>25508153_954833631360139_635676381235409365_n.jpg</filename>
	<path>C:\Users\Witan\Desktop\LPEX\Lab\Motorcycle\25508153_954833631360139_635676381235409365_n.jpg</path>
	<source>
		<database>Unknown</database>
	</source>
	<size>
		<width>960</width>
		<height>720</height>
		<depth>3</depth>
	</size>
	<segmented>0</segmented>
	<object>
		<name>LicensePlate</name>
		<pose>Unspecified</pose>
		<truncated>0</truncated>
		<difficult>0</difficult>
		<bndbox>
			<xmin>384</xmin>
			<ymin>377</ymin>
			<xmax>651</xmax>
			<ymax>578</ymax>
		</bndbox>
	</object>
</annotation>
