<annotation>
	<folder>Motorcycle</folder>
	<filename>25591854_954833658026803_902608751199909400_n.jpg</filename>
	<path>C:\Users\Witan\Desktop\LPEX\Lab\Motorcycle\25591854_954833658026803_902608751199909400_n.jpg</path>
	<source>
		<database>Unknown</database>
	</source>
	<size>
		<width>960</width>
		<height>720</height>
		<depth>3</depth>
	</size>
	<segmented>0</segmented>
	<object>
		<name>LicensePlate</name>
		<pose>Unspecified</pose>
		<truncated>0</truncated>
		<difficult>0</difficult>
		<bndbox>
			<xmin>296</xmin>
			<ymin>236</ymin>
			<xmax>764</xmax>
			<ymax>693</ymax>
		</bndbox>
	</object>
</annotation>
