<annotation>
	<folder>Motorcycle</folder>
	<filename>26804575_2092842090936650_5537433243456960762_n.jpg</filename>
	<path>C:\Users\Witan\Desktop\LPEX\Lab\Motorcycle\26804575_2092842090936650_5537433243456960762_n.jpg</path>
	<source>
		<database>Unknown</database>
	</source>
	<size>
		<width>960</width>
		<height>720</height>
		<depth>3</depth>
	</size>
	<segmented>0</segmented>
	<object>
		<name>LicensePlate</name>
		<pose>Unspecified</pose>
		<truncated>0</truncated>
		<difficult>0</difficult>
		<bndbox>
			<xmin>310</xmin>
			<ymin>401</ymin>
			<xmax>418</xmax>
			<ymax>493</ymax>
		</bndbox>
	</object>
	<object>
		<name>LicensePlate</name>
		<pose>Unspecified</pose>
		<truncated>0</truncated>
		<difficult>0</difficult>
		<bndbox>
			<xmin>590</xmin>
			<ymin>435</ymin>
			<xmax>699</xmax>
			<ymax>518</ymax>
		</bndbox>
	</object>
</annotation>
