<annotation>
	<folder>Motorcycle</folder>
	<filename>27544735_982597131917122_7551167010002700296_n.jpg</filename>
	<path>C:\Users\Witan\Desktop\LPEX\Lab\Motorcycle\27544735_982597131917122_7551167010002700296_n.jpg</path>
	<source>
		<database>Unknown</database>
	</source>
	<size>
		<width>960</width>
		<height>720</height>
		<depth>3</depth>
	</size>
	<segmented>0</segmented>
	<object>
		<name>LicensePlate</name>
		<pose>Unspecified</pose>
		<truncated>1</truncated>
		<difficult>0</difficult>
		<bndbox>
			<xmin>226</xmin>
			<ymin>1</ymin>
			<xmax>770</xmax>
			<ymax>710</ymax>
		</bndbox>
	</object>
</annotation>
