<annotation>
	<folder>Motorcycle</folder>
	<filename>27751685_982597121917123_5630851014707569508_n.jpg</filename>
	<path>C:\Users\Witan\Desktop\LPEX\Lab\Motorcycle\27751685_982597121917123_5630851014707569508_n.jpg</path>
	<source>
		<database>Unknown</database>
	</source>
	<size>
		<width>960</width>
		<height>720</height>
		<depth>3</depth>
	</size>
	<segmented>0</segmented>
	<object>
		<name>LicensePlate</name>
		<pose>Unspecified</pose>
		<truncated>0</truncated>
		<difficult>0</difficult>
		<bndbox>
			<xmin>194</xmin>
			<ymin>144</ymin>
			<xmax>732</xmax>
			<ymax>561</ymax>
		</bndbox>
	</object>
</annotation>
