<annotation>
	<folder>Motorcycle</folder>
	<filename>27750421_986204871556348_5301734690781724130_n.jpg</filename>
	<path>C:\Users\Witan\Desktop\LPEX\Lab\Motorcycle\27750421_986204871556348_5301734690781724130_n.jpg</path>
	<source>
		<database>Unknown</database>
	</source>
	<size>
		<width>960</width>
		<height>720</height>
		<depth>3</depth>
	</size>
	<segmented>0</segmented>
	<object>
		<name>LicensePlate</name>
		<pose>Unspecified</pose>
		<truncated>1</truncated>
		<difficult>0</difficult>
		<bndbox>
			<xmin>7</xmin>
			<ymin>1</ymin>
			<xmax>889</xmax>
			<ymax>708</ymax>
		</bndbox>
	</object>
</annotation>
