<annotation>
	<folder>Motorcycle</folder>
	<filename>27971826_986204854889683_6095330291002938724_n.jpg</filename>
	<path>C:\Users\Witan\Desktop\LPEX\Lab\Motorcycle\27971826_986204854889683_6095330291002938724_n.jpg</path>
	<source>
		<database>Unknown</database>
	</source>
	<size>
		<width>960</width>
		<height>720</height>
		<depth>3</depth>
	</size>
	<segmented>0</segmented>
	<object>
		<name>LicensePlate</name>
		<pose>Unspecified</pose>
		<truncated>1</truncated>
		<difficult>0</difficult>
		<bndbox>
			<xmin>1</xmin>
			<ymin>46</ymin>
			<xmax>824</xmax>
			<ymax>715</ymax>
		</bndbox>
	</object>
</annotation>
