<annotation>
	<folder>Motorcycle</folder>
	<filename>29216061_1005672976276204_1372808149236449280_n.jpg</filename>
	<path>C:\Users\Witan\Desktop\LPEX\Lab\Motorcycle\29216061_1005672976276204_1372808149236449280_n.jpg</path>
	<source>
		<database>Unknown</database>
	</source>
	<size>
		<width>720</width>
		<height>960</height>
		<depth>3</depth>
	</size>
	<segmented>0</segmented>
	<object>
		<name>LicensePlate</name>
		<pose>Unspecified</pose>
		<truncated>0</truncated>
		<difficult>0</difficult>
		<bndbox>
			<xmin>213</xmin>
			<ymin>566</ymin>
			<xmax>468</xmax>
			<ymax>746</ymax>
		</bndbox>
	</object>
</annotation>
