<annotation>
	<folder>Motorcycle</folder>
	<filename>29249169_1005672869609548_4877191911594524672_n.jpg</filename>
	<path>C:\Users\Witan\Desktop\LPEX\Lab\Motorcycle\29249169_1005672869609548_4877191911594524672_n.jpg</path>
	<source>
		<database>Unknown</database>
	</source>
	<size>
		<width>960</width>
		<height>720</height>
		<depth>3</depth>
	</size>
	<segmented>0</segmented>
	<object>
		<name>LicensePlate</name>
		<pose>Unspecified</pose>
		<truncated>0</truncated>
		<difficult>0</difficult>
		<bndbox>
			<xmin>608</xmin>
			<ymin>244</ymin>
			<xmax>948</xmax>
			<ymax>530</ymax>
		</bndbox>
	</object>
</annotation>
