<annotation>
	<folder>Motorcycle</folder>
	<filename>29261813_1005672609609574_6293626590572052480_n.jpg</filename>
	<path>C:\Users\Witan\Desktop\LPEX\Lab\Motorcycle\29261813_1005672609609574_6293626590572052480_n.jpg</path>
	<source>
		<database>Unknown</database>
	</source>
	<size>
		<width>720</width>
		<height>960</height>
		<depth>3</depth>
	</size>
	<segmented>0</segmented>
	<object>
		<name>LicensePlate</name>
		<pose>Unspecified</pose>
		<truncated>0</truncated>
		<difficult>0</difficult>
		<bndbox>
			<xmin>204</xmin>
			<ymin>557</ymin>
			<xmax>472</xmax>
			<ymax>753</ymax>
		</bndbox>
	</object>
</annotation>
