<annotation>
	<folder>Motorcycle</folder>
	<filename>29261687_1005673062942862_1164672762761969664_n.jpg</filename>
	<path>C:\Users\Witan\Desktop\LPEX\Lab\Motorcycle\29261687_1005673062942862_1164672762761969664_n.jpg</path>
	<source>
		<database>Unknown</database>
	</source>
	<size>
		<width>720</width>
		<height>960</height>
		<depth>3</depth>
	</size>
	<segmented>0</segmented>
	<object>
		<name>LicensePlate</name>
		<pose>Unspecified</pose>
		<truncated>0</truncated>
		<difficult>0</difficult>
		<bndbox>
			<xmin>238</xmin>
			<ymin>560</ymin>
			<xmax>471</xmax>
			<ymax>742</ymax>
		</bndbox>
	</object>
</annotation>
