<annotation>
	<folder>Motorcycle</folder>
	<filename>29595556_1013961922113976_7624536457098551491_n.jpg</filename>
	<path>C:\Users\Witan\Desktop\LPEX\Lab\Motorcycle\29595556_1013961922113976_7624536457098551491_n.jpg</path>
	<source>
		<database>Unknown</database>
	</source>
	<size>
		<width>960</width>
		<height>720</height>
		<depth>3</depth>
	</size>
	<segmented>0</segmented>
	<object>
		<name>LicensePlate</name>
		<pose>Unspecified</pose>
		<truncated>0</truncated>
		<difficult>0</difficult>
		<bndbox>
			<xmin>276</xmin>
			<ymin>374</ymin>
			<xmax>461</xmax>
			<ymax>569</ymax>
		</bndbox>
	</object>
</annotation>
