<annotation>
	<folder>Motorcycle</folder>
	<filename>29683496_1013961975447304_5069736984466766085_n.jpg</filename>
	<path>C:\Users\Witan\Desktop\LPEX\Lab\Motorcycle\29683496_1013961975447304_5069736984466766085_n.jpg</path>
	<source>
		<database>Unknown</database>
	</source>
	<size>
		<width>960</width>
		<height>720</height>
		<depth>3</depth>
	</size>
	<segmented>0</segmented>
	<object>
		<name>LicensePlate</name>
		<pose>Unspecified</pose>
		<truncated>0</truncated>
		<difficult>0</difficult>
		<bndbox>
			<xmin>159</xmin>
			<ymin>154</ymin>
			<xmax>688</xmax>
			<ymax>569</ymax>
		</bndbox>
	</object>
</annotation>
