<annotation>
	<folder>Motorcycle</folder>
	<filename>29790500_1013961965447305_6945858450767177500_n.jpg</filename>
	<path>C:\Users\Witan\Desktop\LPEX\Lab\Motorcycle\29790500_1013961965447305_6945858450767177500_n.jpg</path>
	<source>
		<database>Unknown</database>
	</source>
	<size>
		<width>960</width>
		<height>720</height>
		<depth>3</depth>
	</size>
	<segmented>0</segmented>
	<object>
		<name>LicensePlate</name>
		<pose>Unspecified</pose>
		<truncated>0</truncated>
		<difficult>0</difficult>
		<bndbox>
			<xmin>382</xmin>
			<ymin>121</ymin>
			<xmax>692</xmax>
			<ymax>371</ymax>
		</bndbox>
	</object>
</annotation>
