<annotation>
	<folder>Motorcycle</folder>
	<filename>2y.jpg</filename>
	<path>C:\Users\Witan\Desktop\LPEX\Lab\Motorcycle\2y.jpg</path>
	<source>
		<database>Unknown</database>
	</source>
	<size>
		<width>2048</width>
		<height>1367</height>
		<depth>3</depth>
	</size>
	<segmented>0</segmented>
	<object>
		<name>LicensePlate</name>
		<pose>Unspecified</pose>
		<truncated>0</truncated>
		<difficult>0</difficult>
		<bndbox>
			<xmin>690</xmin>
			<ymin>483</ymin>
			<xmax>1423</xmax>
			<ymax>1226</ymax>
		</bndbox>
	</object>
</annotation>
