<annotation>
	<folder>Motorcycle</folder>
	<filename>31124526_1027263357450499_4981595767627055104_n.jpg</filename>
	<path>C:\Users\Witan\Desktop\LPEX\Lab\Motorcycle\31124526_1027263357450499_4981595767627055104_n.jpg</path>
	<source>
		<database>Unknown</database>
	</source>
	<size>
		<width>960</width>
		<height>720</height>
		<depth>3</depth>
	</size>
	<segmented>0</segmented>
	<object>
		<name>LicensePlate</name>
		<pose>Unspecified</pose>
		<truncated>0</truncated>
		<difficult>0</difficult>
		<bndbox>
			<xmin>61</xmin>
			<ymin>86</ymin>
			<xmax>773</xmax>
			<ymax>719</ymax>
		</bndbox>
	</object>
</annotation>
