<annotation>
	<folder>Motorcycle</folder>
	<filename>31124554_1027263274117174_8534082678369026048_n.jpg</filename>
	<path>C:\Users\Witan\Desktop\LPEX\Lab\Motorcycle\31124554_1027263274117174_8534082678369026048_n.jpg</path>
	<source>
		<database>Unknown</database>
	</source>
	<size>
		<width>720</width>
		<height>960</height>
		<depth>3</depth>
	</size>
	<segmented>0</segmented>
	<object>
		<name>LicensePlate</name>
		<pose>Unspecified</pose>
		<truncated>1</truncated>
		<difficult>0</difficult>
		<bndbox>
			<xmin>99</xmin>
			<ymin>150</ymin>
			<xmax>720</xmax>
			<ymax>948</ymax>
		</bndbox>
	</object>
</annotation>
