<annotation>
	<folder>Motorcycle</folder>
	<filename>31234950_1027263180783850_2882282312450441216_n.jpg</filename>
	<path>C:\Users\Witan\Desktop\LPEX\Lab\Motorcycle\31234950_1027263180783850_2882282312450441216_n.jpg</path>
	<source>
		<database>Unknown</database>
	</source>
	<size>
		<width>960</width>
		<height>720</height>
		<depth>3</depth>
	</size>
	<segmented>0</segmented>
	<object>
		<name>LicensePlate</name>
		<pose>Unspecified</pose>
		<truncated>0</truncated>
		<difficult>0</difficult>
		<bndbox>
			<xmin>343</xmin>
			<ymin>377</ymin>
			<xmax>593</xmax>
			<ymax>571</ymax>
		</bndbox>
	</object>
</annotation>
