<annotation>
	<folder>Motorcycle</folder>
	<filename>32608983_1040167456160089_1057190742323101696_n.jpg</filename>
	<path>C:\Users\Witan\Desktop\LPEX\Lab\Motorcycle\32608983_1040167456160089_1057190742323101696_n.jpg</path>
	<source>
		<database>Unknown</database>
	</source>
	<size>
		<width>960</width>
		<height>720</height>
		<depth>3</depth>
	</size>
	<segmented>0</segmented>
	<object>
		<name>LicensePlate</name>
		<pose>Unspecified</pose>
		<truncated>0</truncated>
		<difficult>0</difficult>
		<bndbox>
			<xmin>244</xmin>
			<ymin>214</ymin>
			<xmax>667</xmax>
			<ymax>696</ymax>
		</bndbox>
	</object>
</annotation>
