<annotation>
	<folder>Motorcycle</folder>
	<filename>32665357_1040167519493416_2153718694973276160_n.jpg</filename>
	<path>C:\Users\Witan\Desktop\LPEX\Lab\Motorcycle\32665357_1040167519493416_2153718694973276160_n.jpg</path>
	<source>
		<database>Unknown</database>
	</source>
	<size>
		<width>960</width>
		<height>720</height>
		<depth>3</depth>
	</size>
	<segmented>0</segmented>
	<object>
		<name>LicensePlate</name>
		<pose>Unspecified</pose>
		<truncated>0</truncated>
		<difficult>0</difficult>
		<bndbox>
			<xmin>623</xmin>
			<ymin>400</ymin>
			<xmax>770</xmax>
			<ymax>592</ymax>
		</bndbox>
	</object>
</annotation>
