<annotation>
	<folder>Motorcycle</folder>
	<filename>32779338_1041125152730986_6163949910019276800_n.jpg</filename>
	<path>C:\Users\Witan\Desktop\LPEX\Lab\Motorcycle\32779338_1041125152730986_6163949910019276800_n.jpg</path>
	<source>
		<database>Unknown</database>
	</source>
	<size>
		<width>960</width>
		<height>720</height>
		<depth>3</depth>
	</size>
	<segmented>0</segmented>
	<object>
		<name>LicensePlate</name>
		<pose>Unspecified</pose>
		<truncated>0</truncated>
		<difficult>0</difficult>
		<bndbox>
			<xmin>278</xmin>
			<ymin>83</ymin>
			<xmax>681</xmax>
			<ymax>635</ymax>
		</bndbox>
	</object>
</annotation>
