<annotation>
	<folder>Motorcycle</folder>
	<filename>33959124_1046705492172952_8482295873974304768_n.jpg</filename>
	<path>C:\Users\Witan\Desktop\LPEX\Lab\Motorcycle\33959124_1046705492172952_8482295873974304768_n.jpg</path>
	<source>
		<database>Unknown</database>
	</source>
	<size>
		<width>960</width>
		<height>720</height>
		<depth>3</depth>
	</size>
	<segmented>0</segmented>
	<object>
		<name>LicensePlate</name>
		<pose>Unspecified</pose>
		<truncated>0</truncated>
		<difficult>0</difficult>
		<bndbox>
			<xmin>676</xmin>
			<ymin>416</ymin>
			<xmax>846</xmax>
			<ymax>575</ymax>
		</bndbox>
	</object>
</annotation>
