<annotation>
	<folder>Motorcycle</folder>
	<filename>34124284_1049503881893113_2740810401867366400_n.jpg</filename>
	<path>C:\Users\Witan\Desktop\LPEX\Lab\Motorcycle\34124284_1049503881893113_2740810401867366400_n.jpg</path>
	<source>
		<database>Unknown</database>
	</source>
	<size>
		<width>960</width>
		<height>720</height>
		<depth>3</depth>
	</size>
	<segmented>0</segmented>
	<object>
		<name>LicensePlate</name>
		<pose>Unspecified</pose>
		<truncated>0</truncated>
		<difficult>0</difficult>
		<bndbox>
			<xmin>274</xmin>
			<ymin>187</ymin>
			<xmax>631</xmax>
			<ymax>560</ymax>
		</bndbox>
	</object>
</annotation>
