<annotation>
	<folder>Motorcycle</folder>
	<filename>34274643_1049503918559776_2973790404622680064_n.jpg</filename>
	<path>C:\Users\Witan\Desktop\LPEX\Lab\Motorcycle\34274643_1049503918559776_2973790404622680064_n.jpg</path>
	<source>
		<database>Unknown</database>
	</source>
	<size>
		<width>960</width>
		<height>720</height>
		<depth>3</depth>
	</size>
	<segmented>0</segmented>
	<object>
		<name>LicensePlate</name>
		<pose>Unspecified</pose>
		<truncated>0</truncated>
		<difficult>0</difficult>
		<bndbox>
			<xmin>267</xmin>
			<ymin>279</ymin>
			<xmax>590</xmax>
			<ymax>618</ymax>
		</bndbox>
	</object>
</annotation>
