<annotation>
	<folder>Motorcycle</folder>
	<filename>34875561_1054032228106945_1065617884769681408_n.jpg</filename>
	<path>C:\Users\Witan\Desktop\LPEX\Lab\Motorcycle\34875561_1054032228106945_1065617884769681408_n.jpg</path>
	<source>
		<database>Unknown</database>
	</source>
	<size>
		<width>960</width>
		<height>720</height>
		<depth>3</depth>
	</size>
	<segmented>0</segmented>
	<object>
		<name>LicensePlate</name>
		<pose>Unspecified</pose>
		<truncated>0</truncated>
		<difficult>0</difficult>
		<bndbox>
			<xmin>351</xmin>
			<ymin>367</ymin>
			<xmax>654</xmax>
			<ymax>596</ymax>
		</bndbox>
	</object>
</annotation>
