<annotation>
	<folder>Motorcycle</folder>
	<filename>34880765_1054032051440296_6431677130207133696_n.jpg</filename>
	<path>C:\Users\Witan\Desktop\LPEX\Lab\Motorcycle\34880765_1054032051440296_6431677130207133696_n.jpg</path>
	<source>
		<database>Unknown</database>
	</source>
	<size>
		<width>960</width>
		<height>720</height>
		<depth>3</depth>
	</size>
	<segmented>0</segmented>
	<object>
		<name>LicensePlate</name>
		<pose>Unspecified</pose>
		<truncated>0</truncated>
		<difficult>0</difficult>
		<bndbox>
			<xmin>286</xmin>
			<ymin>228</ymin>
			<xmax>772</xmax>
			<ymax>604</ymax>
		</bndbox>
	</object>
</annotation>
