<annotation>
	<folder>Motorcycle</folder>
	<filename>34962860_1054032101440291_3548501374364811264_n.jpg</filename>
	<path>C:\Users\Witan\Desktop\LPEX\Lab\Motorcycle\34962860_1054032101440291_3548501374364811264_n.jpg</path>
	<source>
		<database>Unknown</database>
	</source>
	<size>
		<width>960</width>
		<height>720</height>
		<depth>3</depth>
	</size>
	<segmented>0</segmented>
	<object>
		<name>LicensePlate</name>
		<pose>Unspecified</pose>
		<truncated>0</truncated>
		<difficult>0</difficult>
		<bndbox>
			<xmin>376</xmin>
			<ymin>182</ymin>
			<xmax>857</xmax>
			<ymax>580</ymax>
		</bndbox>
	</object>
</annotation>
