<annotation>
	<folder>Motorcycle</folder>
	<filename>43.jpg</filename>
	<path>C:\Users\Witan\Desktop\LPEX\Lab\Motorcycle\43.jpg</path>
	<source>
		<database>Unknown</database>
	</source>
	<size>
		<width>2048</width>
		<height>1367</height>
		<depth>3</depth>
	</size>
	<segmented>0</segmented>
	<object>
		<name>LicensePlate</name>
		<pose>Unspecified</pose>
		<truncated>0</truncated>
		<difficult>0</difficult>
		<bndbox>
			<xmin>406</xmin>
			<ymin>309</ymin>
			<xmax>1177</xmax>
			<ymax>1048</ymax>
		</bndbox>
	</object>
</annotation>
