<annotation>
	<folder>Motorcycle</folder>
	<filename>8387_1757408217813374_8864271267075483065_n.jpg</filename>
	<path>C:\Users\Witan\Desktop\LPEX\Lab\Motorcycle\8387_1757408217813374_8864271267075483065_n.jpg</path>
	<source>
		<database>Unknown</database>
	</source>
	<size>
		<width>528</width>
		<height>960</height>
		<depth>3</depth>
	</size>
	<segmented>0</segmented>
	<object>
		<name>LicensePlate</name>
		<pose>Unspecified</pose>
		<truncated>0</truncated>
		<difficult>0</difficult>
		<bndbox>
			<xmin>174</xmin>
			<ymin>769</ymin>
			<xmax>336</xmax>
			<ymax>906</ymax>
		</bndbox>
	</object>
</annotation>
