<annotation>
	<folder>Motorcycle</folder>
	<filename>10247227_1754496914771171_1452690559380154387_n.jpg</filename>
	<path>C:\Users\Witan\Desktop\LPEX\Lab\Motorcycle\10247227_1754496914771171_1452690559380154387_n.jpg</path>
	<source>
		<database>Unknown</database>
	</source>
	<size>
		<width>528</width>
		<height>960</height>
		<depth>3</depth>
	</size>
	<segmented>0</segmented>
	<object>
		<name>LicensePlate</name>
		<pose>Unspecified</pose>
		<truncated>0</truncated>
		<difficult>0</difficult>
		<bndbox>
			<xmin>155</xmin>
			<ymin>370</ymin>
			<xmax>357</xmax>
			<ymax>523</ymax>
		</bndbox>
	</object>
</annotation>
