<annotation>
	<folder>Motorcycle</folder>
	<filename>10268686_1754496928104503_1898513375326460546_n.jpg</filename>
	<path>C:\Users\Witan\Desktop\LPEX\Lab\Motorcycle\10268686_1754496928104503_1898513375326460546_n.jpg</path>
	<source>
		<database>Unknown</database>
	</source>
	<size>
		<width>528</width>
		<height>960</height>
		<depth>3</depth>
	</size>
	<segmented>0</segmented>
	<object>
		<name>LicensePlate</name>
		<pose>Unspecified</pose>
		<truncated>1</truncated>
		<difficult>0</difficult>
		<bndbox>
			<xmin>1</xmin>
			<ymin>437</ymin>
			<xmax>153</xmax>
			<ymax>569</ymax>
		</bndbox>
	</object>
</annotation>
