<annotation>
	<folder>Motorcycle</folder>
	<filename>10269654_1745139322373597_1230524424223698412_n.jpg</filename>
	<path>C:\Users\Witan\Desktop\LPEX\Lab\Motorcycle\10269654_1745139322373597_1230524424223698412_n.jpg</path>
	<source>
		<database>Unknown</database>
	</source>
	<size>
		<width>528</width>
		<height>960</height>
		<depth>3</depth>
	</size>
	<segmented>0</segmented>
	<object>
		<name>LicensePlate</name>
		<pose>Unspecified</pose>
		<truncated>0</truncated>
		<difficult>0</difficult>
		<bndbox>
			<xmin>138</xmin>
			<ymin>396</ymin>
			<xmax>343</xmax>
			<ymax>563</ymax>
		</bndbox>
	</object>
</annotation>
