<annotation>
	<folder>Motorcycle</folder>
	<filename>10299016_1761781827376013_8552591010502463098_n.jpg</filename>
	<path>C:\Users\Witan\Desktop\LPEX\Lab\Motorcycle\10299016_1761781827376013_8552591010502463098_n.jpg</path>
	<source>
		<database>Unknown</database>
	</source>
	<size>
		<width>528</width>
		<height>960</height>
		<depth>3</depth>
	</size>
	<segmented>0</segmented>
	<object>
		<name>LicensePlate</name>
		<pose>Unspecified</pose>
		<truncated>0</truncated>
		<difficult>0</difficult>
		<bndbox>
			<xmin>134</xmin>
			<ymin>499</ymin>
			<xmax>356</xmax>
			<ymax>674</ymax>
		</bndbox>
	</object>
</annotation>
