<annotation>
	<folder>Motorcycle</folder>
	<filename>10344779_1751756631711866_2335757295678145382_n.jpg</filename>
	<path>C:\Users\Witan\Desktop\LPEX\Lab\Motorcycle\10344779_1751756631711866_2335757295678145382_n.jpg</path>
	<source>
		<database>Unknown</database>
	</source>
	<size>
		<width>540</width>
		<height>960</height>
		<depth>3</depth>
	</size>
	<segmented>0</segmented>
	<object>
		<name>LicensePlate</name>
		<pose>Unspecified</pose>
		<truncated>0</truncated>
		<difficult>0</difficult>
		<bndbox>
			<xmin>85</xmin>
			<ymin>448</ymin>
			<xmax>485</xmax>
			<ymax>762</ymax>
		</bndbox>
	</object>
</annotation>
