<annotation>
	<folder>Motorcycle</folder>
	<filename>10402869_1756974174523445_7855292258096993230_n.jpg</filename>
	<path>C:\Users\Witan\Desktop\LPEX\Lab\Motorcycle\10402869_1756974174523445_7855292258096993230_n.jpg</path>
	<source>
		<database>Unknown</database>
	</source>
	<size>
		<width>528</width>
		<height>960</height>
		<depth>3</depth>
	</size>
	<segmented>0</segmented>
	<object>
		<name>LicensePlate</name>
		<pose>Unspecified</pose>
		<truncated>0</truncated>
		<difficult>0</difficult>
		<bndbox>
			<xmin>204</xmin>
			<ymin>557</ymin>
			<xmax>354</xmax>
			<ymax>687</ymax>
		</bndbox>
	</object>
</annotation>
