<annotation>
	<folder>Motorcycle</folder>
	<filename>10456267_1762312260656303_9033572692735718162_n.jpg</filename>
	<path>C:\Users\Witan\Desktop\LPEX\Lab\Motorcycle\10456267_1762312260656303_9033572692735718162_n.jpg</path>
	<source>
		<database>Unknown</database>
	</source>
	<size>
		<width>960</width>
		<height>528</height>
		<depth>3</depth>
	</size>
	<segmented>0</segmented>
	<object>
		<name>LicensePlate</name>
		<pose>Unspecified</pose>
		<truncated>0</truncated>
		<difficult>0</difficult>
		<bndbox>
			<xmin>138</xmin>
			<ymin>11</ymin>
			<xmax>864</xmax>
			<ymax>526</ymax>
		</bndbox>
	</object>
</annotation>
