<annotation>
	<folder>Motorcycle</folder>
	<filename>12321411_1757703127783883_5795652682893371036_n.jpg</filename>
	<path>C:\Users\Witan\Desktop\LPEX\Lab\Motorcycle\12321411_1757703127783883_5795652682893371036_n.jpg</path>
	<source>
		<database>Unknown</database>
	</source>
	<size>
		<width>528</width>
		<height>960</height>
		<depth>3</depth>
	</size>
	<segmented>0</segmented>
	<object>
		<name>LicensePlate</name>
		<pose>Unspecified</pose>
		<truncated>0</truncated>
		<difficult>0</difficult>
		<bndbox>
			<xmin>205</xmin>
			<ymin>707</ymin>
			<xmax>359</xmax>
			<ymax>836</ymax>
		</bndbox>
	</object>
</annotation>
