<annotation>
	<folder>Motorcycle</folder>
	<filename>12376797_1758104144410448_339950292155059427_n.jpg</filename>
	<path>C:\Users\Witan\Desktop\LPEX\Lab\Motorcycle\12376797_1758104144410448_339950292155059427_n.jpg</path>
	<source>
		<database>Unknown</database>
	</source>
	<size>
		<width>528</width>
		<height>960</height>
		<depth>3</depth>
	</size>
	<segmented>0</segmented>
	<object>
		<name>LicensePlate</name>
		<pose>Unspecified</pose>
		<truncated>0</truncated>
		<difficult>0</difficult>
		<bndbox>
			<xmin>262</xmin>
			<ymin>637</ymin>
			<xmax>423</xmax>
			<ymax>751</ymax>
		</bndbox>
	</object>
</annotation>
