<annotation>
	<folder>Motorcycle</folder>
	<filename>12472530_1757336071153922_8131586670184133370_n.jpg</filename>
	<path>C:\Users\Witan\Desktop\LPEX\Lab\Motorcycle\12472530_1757336071153922_8131586670184133370_n.jpg</path>
	<source>
		<database>Unknown</database>
	</source>
	<size>
		<width>528</width>
		<height>960</height>
		<depth>3</depth>
	</size>
	<segmented>0</segmented>
	<object>
		<name>LicensePlate</name>
		<pose>Unspecified</pose>
		<truncated>0</truncated>
		<difficult>0</difficult>
		<bndbox>
			<xmin>311</xmin>
			<ymin>607</ymin>
			<xmax>463</xmax>
			<ymax>720</ymax>
		</bndbox>
	</object>
</annotation>
