<annotation>
	<folder>Motorcycle</folder>
	<filename>12552846_1744855965735266_7062974963431721514_n.jpg</filename>
	<path>C:\Users\Witan\Desktop\LPEX\Lab\Motorcycle\12552846_1744855965735266_7062974963431721514_n.jpg</path>
	<source>
		<database>Unknown</database>
	</source>
	<size>
		<width>540</width>
		<height>960</height>
		<depth>3</depth>
	</size>
	<segmented>0</segmented>
	<object>
		<name>LicensePlate</name>
		<pose>Unspecified</pose>
		<truncated>0</truncated>
		<difficult>0</difficult>
		<bndbox>
			<xmin>128</xmin>
			<ymin>416</ymin>
			<xmax>369</xmax>
			<ymax>597</ymax>
		</bndbox>
	</object>
</annotation>
