<annotation>
	<folder>Motorcycle</folder>
	<filename>12605486_1744852849068911_542685369218591987_o.jpg</filename>
	<path>C:\Users\Witan\Desktop\LPEX\Lab\Motorcycle\12605486_1744852849068911_542685369218591987_o.jpg</path>
	<source>
		<database>Unknown</database>
	</source>
	<size>
		<width>1061</width>
		<height>1061</height>
		<depth>3</depth>
	</size>
	<segmented>0</segmented>
	<object>
		<name>LicensePlate</name>
		<pose>Unspecified</pose>
		<truncated>0</truncated>
		<difficult>0</difficult>
		<bndbox>
			<xmin>172</xmin>
			<ymin>117</ymin>
			<xmax>975</xmax>
			<ymax>740</ymax>
		</bndbox>
	</object>
</annotation>
