<annotation>
	<folder>Motorcycle</folder>
	<filename>12631396_1744855922401937_3401066401753638966_n.jpg</filename>
	<path>C:\Users\Witan\Desktop\LPEX\Lab\Motorcycle\12631396_1744855922401937_3401066401753638966_n.jpg</path>
	<source>
		<database>Unknown</database>
	</source>
	<size>
		<width>540</width>
		<height>960</height>
		<depth>3</depth>
	</size>
	<segmented>0</segmented>
	<object>
		<name>LicensePlate</name>
		<pose>Unspecified</pose>
		<truncated>0</truncated>
		<difficult>0</difficult>
		<bndbox>
			<xmin>127</xmin>
			<ymin>355</ymin>
			<xmax>428</xmax>
			<ymax>590</ymax>
		</bndbox>
	</object>
</annotation>
