<annotation>
	<folder>Motorcycle</folder>
	<filename>12650787_1745892882298241_6764151703529939384_n.jpg</filename>
	<path>C:\Users\Witan\Desktop\LPEX\Lab\Motorcycle\12650787_1745892882298241_6764151703529939384_n.jpg</path>
	<source>
		<database>Unknown</database>
	</source>
	<size>
		<width>528</width>
		<height>960</height>
		<depth>3</depth>
	</size>
	<segmented>0</segmented>
	<object>
		<name>LicensePlate</name>
		<pose>Unspecified</pose>
		<truncated>0</truncated>
		<difficult>0</difficult>
		<bndbox>
			<xmin>292</xmin>
			<ymin>430</ymin>
			<xmax>393</xmax>
			<ymax>499</ymax>
		</bndbox>
	</object>
</annotation>
