<annotation>
	<folder>Motorcycle</folder>
	<filename>12654106_1745489389005257_419563753503231226_n.jpg</filename>
	<path>C:\Users\Witan\Desktop\LPEX\Lab\Motorcycle\12654106_1745489389005257_419563753503231226_n.jpg</path>
	<source>
		<database>Unknown</database>
	</source>
	<size>
		<width>528</width>
		<height>960</height>
		<depth>3</depth>
	</size>
	<segmented>0</segmented>
	<object>
		<name>LicensePlate</name>
		<pose>Unspecified</pose>
		<truncated>0</truncated>
		<difficult>0</difficult>
		<bndbox>
			<xmin>148</xmin>
			<ymin>315</ymin>
			<xmax>390</xmax>
			<ymax>458</ymax>
		</bndbox>
	</object>
</annotation>
