<annotation>
	<folder>Motorcycle</folder>
	<filename>12688229_1751960275024835_2874124227892121031_n.jpg</filename>
	<path>C:\Users\Witan\Desktop\LPEX\Lab\Motorcycle\12688229_1751960275024835_2874124227892121031_n.jpg</path>
	<source>
		<database>Unknown</database>
	</source>
	<size>
		<width>960</width>
		<height>540</height>
		<depth>3</depth>
	</size>
	<segmented>0</segmented>
	<object>
		<name>LicensePlate</name>
		<pose>Unspecified</pose>
		<truncated>0</truncated>
		<difficult>0</difficult>
		<bndbox>
			<xmin>804</xmin>
			<ymin>199</ymin>
			<xmax>889</xmax>
			<ymax>349</ymax>
		</bndbox>
	</object>
</annotation>
