<annotation>
	<folder>Motorcycle</folder>
	<filename>12718314_1756946927859503_2793127561226976537_n.jpg</filename>
	<path>C:\Users\Witan\Desktop\LPEX\Lab\Motorcycle\12718314_1756946927859503_2793127561226976537_n.jpg</path>
	<source>
		<database>Unknown</database>
	</source>
	<size>
		<width>528</width>
		<height>960</height>
		<depth>3</depth>
	</size>
	<segmented>0</segmented>
	<object>
		<name>LicensePlate</name>
		<pose>Unspecified</pose>
		<truncated>0</truncated>
		<difficult>0</difficult>
		<bndbox>
			<xmin>146</xmin>
			<ymin>700</ymin>
			<xmax>290</xmax>
			<ymax>852</ymax>
		</bndbox>
	</object>
</annotation>
