<annotation>
	<folder>Motorcycle</folder>
	<filename>12717920_1751941958360000_8727215469308736283_n.jpg</filename>
	<path>C:\Users\Witan\Desktop\LPEX\Lab\Motorcycle\12717920_1751941958360000_8727215469308736283_n.jpg</path>
	<source>
		<database>Unknown</database>
	</source>
	<size>
		<width>528</width>
		<height>960</height>
		<depth>3</depth>
	</size>
	<segmented>0</segmented>
	<object>
		<name>LicensePlate</name>
		<pose>Unspecified</pose>
		<truncated>0</truncated>
		<difficult>0</difficult>
		<bndbox>
			<xmin>159</xmin>
			<ymin>607</ymin>
			<xmax>323</xmax>
			<ymax>732</ymax>
		</bndbox>
	</object>
</annotation>
