<annotation>
	<folder>Motorcycle</folder>
	<filename>1272754_1752941428260053_5125522220435712319_o.jpg</filename>
	<path>C:\Users\Witan\Desktop\LPEX\Lab\Motorcycle\1272754_1752941428260053_5125522220435712319_o.jpg</path>
	<source>
		<database>Unknown</database>
	</source>
	<size>
		<width>720</width>
		<height>1280</height>
		<depth>3</depth>
	</size>
	<segmented>0</segmented>
	<object>
		<name>LicensePlate</name>
		<pose>Unspecified</pose>
		<truncated>0</truncated>
		<difficult>0</difficult>
		<bndbox>
			<xmin>241</xmin>
			<ymin>349</ymin>
			<xmax>579</xmax>
			<ymax>606</ymax>
		</bndbox>
	</object>
</annotation>
