<annotation>
	<folder>Motorcycle</folder>
	<filename>12742273_1752294788324717_2597941431664447592_n.jpg</filename>
	<path>C:\Users\Witan\Desktop\LPEX\Lab\Motorcycle\12742273_1752294788324717_2597941431664447592_n.jpg</path>
	<source>
		<database>Unknown</database>
	</source>
	<size>
		<width>960</width>
		<height>540</height>
		<depth>3</depth>
	</size>
	<segmented>0</segmented>
	<object>
		<name>LicensePlate</name>
		<pose>Unspecified</pose>
		<truncated>1</truncated>
		<difficult>0</difficult>
		<bndbox>
			<xmin>124</xmin>
			<ymin>1</ymin>
			<xmax>833</xmax>
			<ymax>537</ymax>
		</bndbox>
	</object>
</annotation>
