<annotation>
	<folder>Motorcycle</folder>
	<filename>12745737_1753038791583650_1394829901027643452_n.jpg</filename>
	<path>C:\Users\Witan\Desktop\LPEX\Lab\Motorcycle\12745737_1753038791583650_1394829901027643452_n.jpg</path>
	<source>
		<database>Unknown</database>
	</source>
	<size>
		<width>960</width>
		<height>540</height>
		<depth>3</depth>
	</size>
	<segmented>0</segmented>
	<object>
		<name>LicensePlate</name>
		<pose>Unspecified</pose>
		<truncated>1</truncated>
		<difficult>0</difficult>
		<bndbox>
			<xmin>144</xmin>
			<ymin>27</ymin>
			<xmax>846</xmax>
			<ymax>540</ymax>
		</bndbox>
	</object>
</annotation>
