<annotation>
	<folder>Motorcycle</folder>
	<filename>12744174_1751756095045253_5228825197858846901_n.jpg</filename>
	<path>C:\Users\Witan\Desktop\LPEX\Lab\Motorcycle\12744174_1751756095045253_5228825197858846901_n.jpg</path>
	<source>
		<database>Unknown</database>
	</source>
	<size>
		<width>528</width>
		<height>960</height>
		<depth>3</depth>
	</size>
	<segmented>0</segmented>
	<object>
		<name>LicensePlate</name>
		<pose>Unspecified</pose>
		<truncated>0</truncated>
		<difficult>0</difficult>
		<bndbox>
			<xmin>239</xmin>
			<ymin>402</ymin>
			<xmax>463</xmax>
			<ymax>642</ymax>
		</bndbox>
	</object>
</annotation>
