<annotation>
	<folder>Motorcycle</folder>
	<filename>12743909_1753402581547271_1292384444483169077_n.jpg</filename>
	<path>C:\Users\Witan\Desktop\LPEX\Lab\Motorcycle\12743909_1753402581547271_1292384444483169077_n.jpg</path>
	<source>
		<database>Unknown</database>
	</source>
	<size>
		<width>528</width>
		<height>960</height>
		<depth>3</depth>
	</size>
	<segmented>0</segmented>
	<object>
		<name>LicensePlate</name>
		<pose>Unspecified</pose>
		<truncated>0</truncated>
		<difficult>0</difficult>
		<bndbox>
			<xmin>128</xmin>
			<ymin>373</ymin>
			<xmax>371</xmax>
			<ymax>542</ymax>
		</bndbox>
	</object>
</annotation>
