<annotation>
	<folder>Motorcycle</folder>
	<filename>12745425_1751941968359999_4758838287412725615_n.jpg</filename>
	<path>C:\Users\Witan\Desktop\LPEX\Lab\Motorcycle\12745425_1751941968359999_4758838287412725615_n.jpg</path>
	<source>
		<database>Unknown</database>
	</source>
	<size>
		<width>960</width>
		<height>540</height>
		<depth>3</depth>
	</size>
	<segmented>0</segmented>
	<object>
		<name>LicensePlate</name>
		<pose>Unspecified</pose>
		<truncated>0</truncated>
		<difficult>0</difficult>
		<bndbox>
			<xmin>95</xmin>
			<ymin>301</ymin>
			<xmax>183</xmax>
			<ymax>420</ymax>
		</bndbox>
	</object>
	<object>
		<name>LicensePlate</name>
		<pose>Unspecified</pose>
		<truncated>0</truncated>
		<difficult>0</difficult>
		<bndbox>
			<xmin>62</xmin>
			<ymin>185</ymin>
			<xmax>188</xmax>
			<ymax>290</ymax>
		</bndbox>
	</object>
</annotation>
