<annotation>
	<folder>Motorcycle</folder>
	<filename>12743922_1751960265024836_6466840586215894112_n.jpg</filename>
	<path>C:\Users\Witan\Desktop\LPEX\Lab\Motorcycle\12743922_1751960265024836_6466840586215894112_n.jpg</path>
	<source>
		<database>Unknown</database>
	</source>
	<size>
		<width>528</width>
		<height>960</height>
		<depth>3</depth>
	</size>
	<segmented>0</segmented>
	<object>
		<name>LicensePlate</name>
		<pose>Unspecified</pose>
		<truncated>0</truncated>
		<difficult>0</difficult>
		<bndbox>
			<xmin>136</xmin>
			<ymin>543</ymin>
			<xmax>338</xmax>
			<ymax>696</ymax>
		</bndbox>
	</object>
</annotation>
