<annotation>
	<folder>Motorcycle</folder>
	<filename>12742152_1757305754490287_3557643178351163129_n.jpg</filename>
	<path>C:\Users\Witan\Desktop\LPEX\Lab\Motorcycle\12742152_1757305754490287_3557643178351163129_n.jpg</path>
	<source>
		<database>Unknown</database>
	</source>
	<size>
		<width>528</width>
		<height>960</height>
		<depth>3</depth>
	</size>
	<segmented>0</segmented>
	<object>
		<name>LicensePlate</name>
		<pose>Unspecified</pose>
		<truncated>0</truncated>
		<difficult>0</difficult>
		<bndbox>
			<xmin>270</xmin>
			<ymin>664</ymin>
			<xmax>413</xmax>
			<ymax>789</ymax>
		</bndbox>
	</object>
</annotation>
