<annotation>
	<folder>Motorcycle</folder>
	<filename>12744093_1753402028213993_2107820354245079003_n.jpg</filename>
	<path>C:\Users\Witan\Desktop\LPEX\Lab\Motorcycle\12744093_1753402028213993_2107820354245079003_n.jpg</path>
	<source>
		<database>Unknown</database>
	</source>
	<size>
		<width>528</width>
		<height>960</height>
		<depth>3</depth>
	</size>
	<segmented>0</segmented>
	<object>
		<name>LicensePlate</name>
		<pose>Unspecified</pose>
		<truncated>0</truncated>
		<difficult>0</difficult>
		<bndbox>
			<xmin>123</xmin>
			<ymin>456</ymin>
			<xmax>409</xmax>
			<ymax>656</ymax>
		</bndbox>
	</object>
</annotation>
