<annotation>
	<folder>Motorcycle</folder>
	<filename>12764358_1756632734557589_8660012443711024590_o.jpg</filename>
	<path>C:\Users\Witan\Desktop\LPEX\Lab\Motorcycle\12764358_1756632734557589_8660012443711024590_o.jpg</path>
	<source>
		<database>Unknown</database>
	</source>
	<size>
		<width>720</width>
		<height>1280</height>
		<depth>3</depth>
	</size>
	<segmented>0</segmented>
	<object>
		<name>LicensePlate</name>
		<pose>Unspecified</pose>
		<truncated>0</truncated>
		<difficult>0</difficult>
		<bndbox>
			<xmin>210</xmin>
			<ymin>437</ymin>
			<xmax>505</xmax>
			<ymax>683</ymax>
		</bndbox>
	</object>
</annotation>
