<annotation>
	<folder>Motorcycle</folder>
	<filename>12779232_1758104194410443_5506879218605883537_o.jpg</filename>
	<path>C:\Users\Witan\Desktop\LPEX\Lab\Motorcycle\12779232_1758104194410443_5506879218605883537_o.jpg</path>
	<source>
		<database>Unknown</database>
	</source>
	<size>
		<width>720</width>
		<height>1280</height>
		<depth>3</depth>
	</size>
	<segmented>0</segmented>
	<object>
		<name>LicensePlate</name>
		<pose>Unspecified</pose>
		<truncated>0</truncated>
		<difficult>0</difficult>
		<bndbox>
			<xmin>178</xmin>
			<ymin>817</ymin>
			<xmax>354</xmax>
			<ymax>964</ymax>
		</bndbox>
	</object>
</annotation>
