<annotation>
	<folder>Motorcycle</folder>
	<filename>12791121_1756927074528155_5474017667630765_n.jpg</filename>
	<path>C:\Users\Witan\Desktop\LPEX\Lab\Motorcycle\12791121_1756927074528155_5474017667630765_n.jpg</path>
	<source>
		<database>Unknown</database>
	</source>
	<size>
		<width>540</width>
		<height>960</height>
		<depth>3</depth>
	</size>
	<segmented>0</segmented>
	<object>
		<name>LicensePlate</name>
		<pose>Unspecified</pose>
		<truncated>0</truncated>
		<difficult>0</difficult>
		<bndbox>
			<xmin>100</xmin>
			<ymin>480</ymin>
			<xmax>350</xmax>
			<ymax>650</ymax>
		</bndbox>
	</object>
	<object>
		<name>LicensePlate</name>
		<pose>Unspecified</pose>
		<truncated>1</truncated>
		<difficult>0</difficult>
		<bndbox>
			<xmin>1</xmin>
			<ymin>228</ymin>
			<xmax>88</xmax>
			<ymax>308</ymax>
		</bndbox>
	</object>
</annotation>
