<annotation>
	<folder>Motorcycle</folder>
	<filename>12795353_1759138910973638_1687082361997049021_n.jpg</filename>
	<path>C:\Users\Witan\Desktop\LPEX\Lab\Motorcycle\12795353_1759138910973638_1687082361997049021_n.jpg</path>
	<source>
		<database>Unknown</database>
	</source>
	<size>
		<width>528</width>
		<height>960</height>
		<depth>3</depth>
	</size>
	<segmented>0</segmented>
	<object>
		<name>LicensePlate</name>
		<pose>Unspecified</pose>
		<truncated>0</truncated>
		<difficult>0</difficult>
		<bndbox>
			<xmin>235</xmin>
			<ymin>578</ymin>
			<xmax>385</xmax>
			<ymax>703</ymax>
		</bndbox>
	</object>
</annotation>
