<annotation>
	<folder>Motorcycle</folder>
	<filename>12803172_1756976837856512_7322805334545813855_n.jpg</filename>
	<path>C:\Users\Witan\Desktop\LPEX\Lab\Motorcycle\12803172_1756976837856512_7322805334545813855_n.jpg</path>
	<source>
		<database>Unknown</database>
	</source>
	<size>
		<width>528</width>
		<height>960</height>
		<depth>3</depth>
	</size>
	<segmented>0</segmented>
	<object>
		<name>LicensePlate</name>
		<pose>Unspecified</pose>
		<truncated>0</truncated>
		<difficult>0</difficult>
		<bndbox>
			<xmin>213</xmin>
			<ymin>465</ymin>
			<xmax>392</xmax>
			<ymax>602</ymax>
		</bndbox>
	</object>
</annotation>
