<annotation>
	<folder>Motorcycle</folder>
	<filename>12801411_1757755644445298_6619032101322311404_n.jpg</filename>
	<path>C:\Users\Witan\Desktop\LPEX\Lab\Motorcycle\12801411_1757755644445298_6619032101322311404_n.jpg</path>
	<source>
		<database>Unknown</database>
	</source>
	<size>
		<width>528</width>
		<height>960</height>
		<depth>3</depth>
	</size>
	<segmented>0</segmented>
	<object>
		<name>LicensePlate</name>
		<pose>Unspecified</pose>
		<truncated>0</truncated>
		<difficult>0</difficult>
		<bndbox>
			<xmin>244</xmin>
			<ymin>435</ymin>
			<xmax>468</xmax>
			<ymax>580</ymax>
		</bndbox>
	</object>
</annotation>
