<annotation>
	<folder>Motorcycle</folder>
	<filename>12806108_1757305797823616_7825978301316106798_n.jpg</filename>
	<path>C:\Users\Witan\Desktop\LPEX\Lab\Motorcycle\12806108_1757305797823616_7825978301316106798_n.jpg</path>
	<source>
		<database>Unknown</database>
	</source>
	<size>
		<width>528</width>
		<height>960</height>
		<depth>3</depth>
	</size>
	<segmented>0</segmented>
	<object>
		<name>LicensePlate</name>
		<pose>Unspecified</pose>
		<truncated>0</truncated>
		<difficult>0</difficult>
		<bndbox>
			<xmin>237</xmin>
			<ymin>673</ymin>
			<xmax>386</xmax>
			<ymax>795</ymax>
		</bndbox>
	</object>
</annotation>
