<annotation>
	<folder>Motorcycle</folder>
	<filename>12804680_1759119887642207_1367714594575678540_n.jpg</filename>
	<path>C:\Users\Witan\Desktop\LPEX\Lab\Motorcycle\12804680_1759119887642207_1367714594575678540_n.jpg</path>
	<source>
		<database>Unknown</database>
	</source>
	<size>
		<width>528</width>
		<height>960</height>
		<depth>3</depth>
	</size>
	<segmented>0</segmented>
	<object>
		<name>LicensePlate</name>
		<pose>Unspecified</pose>
		<truncated>0</truncated>
		<difficult>0</difficult>
		<bndbox>
			<xmin>232</xmin>
			<ymin>636</ymin>
			<xmax>388</xmax>
			<ymax>764</ymax>
		</bndbox>
	</object>
</annotation>
