<annotation>
	<folder>Motorcycle</folder>
	<filename>12801506_1759483110939218_6021087445617674728_n.jpg</filename>
	<path>C:\Users\Witan\Desktop\LPEX\Lab\Motorcycle\12801506_1759483110939218_6021087445617674728_n.jpg</path>
	<source>
		<database>Unknown</database>
	</source>
	<size>
		<width>528</width>
		<height>960</height>
		<depth>3</depth>
	</size>
	<segmented>0</segmented>
	<object>
		<name>LicensePlate</name>
		<pose>Unspecified</pose>
		<truncated>0</truncated>
		<difficult>0</difficult>
		<bndbox>
			<xmin>95</xmin>
			<ymin>603</ymin>
			<xmax>253</xmax>
			<ymax>710</ymax>
		</bndbox>
	</object>
</annotation>
