<annotation>
	<folder>Motorcycle</folder>
	<filename>12806143_1759483040939225_6682073655768465157_n.jpg</filename>
	<path>C:\Users\Witan\Desktop\LPEX\Lab\Motorcycle\12806143_1759483040939225_6682073655768465157_n.jpg</path>
	<source>
		<database>Unknown</database>
	</source>
	<size>
		<width>720</width>
		<height>960</height>
		<depth>3</depth>
	</size>
	<segmented>0</segmented>
	<object>
		<name>LicensePlate</name>
		<pose>Unspecified</pose>
		<truncated>0</truncated>
		<difficult>0</difficult>
		<bndbox>
			<xmin>113</xmin>
			<ymin>620</ymin>
			<xmax>315</xmax>
			<ymax>827</ymax>
		</bndbox>
	</object>
</annotation>
