<annotation>
	<folder>Motorcycle</folder>
	<filename>13307419_1797553160465546_7878937186356573401_n.jpg</filename>
	<path>C:\Users\Witan\Desktop\LPEX\Lab\Motorcycle\13307419_1797553160465546_7878937186356573401_n.jpg</path>
	<source>
		<database>Unknown</database>
	</source>
	<size>
		<width>960</width>
		<height>540</height>
		<depth>3</depth>
	</size>
	<segmented>0</segmented>
	<object>
		<name>LicensePlate</name>
		<pose>Unspecified</pose>
		<truncated>1</truncated>
		<difficult>0</difficult>
		<bndbox>
			<xmin>116</xmin>
			<ymin>1</ymin>
			<xmax>848</xmax>
			<ymax>540</ymax>
		</bndbox>
	</object>
</annotation>
