<annotation>
	<folder>Motorcycle</folder>
	<filename>13319797_1797947700426092_3519919056977167376_n.jpg</filename>
	<path>C:\Users\Witan\Desktop\LPEX\Lab\Motorcycle\13319797_1797947700426092_3519919056977167376_n.jpg</path>
	<source>
		<database>Unknown</database>
	</source>
	<size>
		<width>528</width>
		<height>960</height>
		<depth>3</depth>
	</size>
	<segmented>0</segmented>
	<object>
		<name>LicensePlate</name>
		<pose>Unspecified</pose>
		<truncated>0</truncated>
		<difficult>0</difficult>
		<bndbox>
			<xmin>108</xmin>
			<ymin>615</ymin>
			<xmax>233</xmax>
			<ymax>703</ymax>
		</bndbox>
	</object>
</annotation>
