<annotation>
	<folder>Motorcycle</folder>
	<filename>13322062_1797925837094945_8919385744566616122_n.jpg</filename>
	<path>C:\Users\Witan\Desktop\LPEX\Lab\Motorcycle\13322062_1797925837094945_8919385744566616122_n.jpg</path>
	<source>
		<database>Unknown</database>
	</source>
	<size>
		<width>528</width>
		<height>960</height>
		<depth>3</depth>
	</size>
	<segmented>0</segmented>
	<object>
		<name>LicensePlate</name>
		<pose>Unspecified</pose>
		<truncated>0</truncated>
		<difficult>0</difficult>
		<bndbox>
			<xmin>38</xmin>
			<ymin>263</ymin>
			<xmax>467</xmax>
			<ymax>597</ymax>
		</bndbox>
	</object>
</annotation>
