<annotation>
	<folder>Motorcycle</folder>
	<filename>13690804_659554967554675_1758220589336261427_n.jpg</filename>
	<path>C:\Users\Witan\Desktop\LPEX\Lab\Motorcycle\13690804_659554967554675_1758220589336261427_n.jpg</path>
	<source>
		<database>Unknown</database>
	</source>
	<size>
		<width>960</width>
		<height>960</height>
		<depth>3</depth>
	</size>
	<segmented>0</segmented>
	<object>
		<name>LicensePlate</name>
		<pose>Unspecified</pose>
		<truncated>0</truncated>
		<difficult>0</difficult>
		<bndbox>
			<xmin>14</xmin>
			<ymin>163</ymin>
			<xmax>936</xmax>
			<ymax>883</ymax>
		</bndbox>
	</object>
</annotation>
