<annotation>
	<folder>Motorcycle</folder>
	<filename>13781959_661740267336145_6847045943658633470_n.jpg</filename>
	<path>C:\Users\Witan\Desktop\LPEX\Lab\Motorcycle\13781959_661740267336145_6847045943658633470_n.jpg</path>
	<source>
		<database>Unknown</database>
	</source>
	<size>
		<width>960</width>
		<height>720</height>
		<depth>3</depth>
	</size>
	<segmented>0</segmented>
	<object>
		<name>LicensePlate</name>
		<pose>Unspecified</pose>
		<truncated>0</truncated>
		<difficult>0</difficult>
		<bndbox>
			<xmin>92</xmin>
			<ymin>46</ymin>
			<xmax>877</xmax>
			<ymax>653</ymax>
		</bndbox>
	</object>
</annotation>
