<annotation>
	<folder>Motorcycle</folder>
	<filename>13882446_667505560092949_6105890266081942914_n.jpg</filename>
	<path>C:\Users\Witan\Desktop\LPEX\Lab\Motorcycle\13882446_667505560092949_6105890266081942914_n.jpg</path>
	<source>
		<database>Unknown</database>
	</source>
	<size>
		<width>960</width>
		<height>720</height>
		<depth>3</depth>
	</size>
	<segmented>0</segmented>
	<object>
		<name>LicensePlate</name>
		<pose>Unspecified</pose>
		<truncated>0</truncated>
		<difficult>0</difficult>
		<bndbox>
			<xmin>56</xmin>
			<ymin>29</ymin>
			<xmax>915</xmax>
			<ymax>699</ymax>
		</bndbox>
	</object>
</annotation>
