<annotation>
	<folder>Motorcycle</folder>
	<filename>13912461_667987483378090_2773349819125567279_n.jpg</filename>
	<path>C:\Users\Witan\Desktop\LPEX\Lab\Motorcycle\13912461_667987483378090_2773349819125567279_n.jpg</path>
	<source>
		<database>Unknown</database>
	</source>
	<size>
		<width>960</width>
		<height>960</height>
		<depth>3</depth>
	</size>
	<segmented>0</segmented>
	<object>
		<name>LicensePlate</name>
		<pose>Unspecified</pose>
		<truncated>0</truncated>
		<difficult>0</difficult>
		<bndbox>
			<xmin>5</xmin>
			<ymin>99</ymin>
			<xmax>957</xmax>
			<ymax>782</ymax>
		</bndbox>
	</object>
</annotation>
