<annotation>
	<folder>Motorcycle</folder>
	<filename>13935067_667987450044760_6791294654594427513_n.jpg</filename>
	<path>C:\Users\Witan\Desktop\LPEX\Lab\Motorcycle\13935067_667987450044760_6791294654594427513_n.jpg</path>
	<source>
		<database>Unknown</database>
	</source>
	<size>
		<width>960</width>
		<height>720</height>
		<depth>3</depth>
	</size>
	<segmented>0</segmented>
	<object>
		<name>LicensePlate</name>
		<pose>Unspecified</pose>
		<truncated>0</truncated>
		<difficult>0</difficult>
		<bndbox>
			<xmin>65</xmin>
			<ymin>54</ymin>
			<xmax>910</xmax>
			<ymax>700</ymax>
		</bndbox>
	</object>
</annotation>
