<annotation>
	<folder>Motorcycle</folder>
	<filename>14040126_677273102449528_6193961535259983959_n.jpg</filename>
	<path>C:\Users\Witan\Desktop\LPEX\Lab\Motorcycle\14040126_677273102449528_6193961535259983959_n.jpg</path>
	<source>
		<database>Unknown</database>
	</source>
	<size>
		<width>960</width>
		<height>960</height>
		<depth>3</depth>
	</size>
	<segmented>0</segmented>
	<object>
		<name>LicensePlate</name>
		<pose>Unspecified</pose>
		<truncated>0</truncated>
		<difficult>0</difficult>
		<bndbox>
			<xmin>91</xmin>
			<ymin>47</ymin>
			<xmax>897</xmax>
			<ymax>860</ymax>
		</bndbox>
	</object>
</annotation>
