<annotation>
	<folder>Motorcycle</folder>
	<filename>14054152_678236425686529_7437347232222677078_n.jpg</filename>
	<path>C:\Users\Witan\Desktop\LPEX\Lab\Motorcycle\14054152_678236425686529_7437347232222677078_n.jpg</path>
	<source>
		<database>Unknown</database>
	</source>
	<size>
		<width>960</width>
		<height>540</height>
		<depth>3</depth>
	</size>
	<segmented>0</segmented>
	<object>
		<name>LicensePlate</name>
		<pose>Unspecified</pose>
		<truncated>1</truncated>
		<difficult>0</difficult>
		<bndbox>
			<xmin>179</xmin>
			<ymin>17</ymin>
			<xmax>855</xmax>
			<ymax>540</ymax>
		</bndbox>
	</object>
</annotation>
