<annotation>
	<folder>Motorcycle</folder>
	<filename>14067462_677273162449522_2601207194447580959_n.jpg</filename>
	<path>C:\Users\Witan\Desktop\LPEX\Lab\Motorcycle\14067462_677273162449522_2601207194447580959_n.jpg</path>
	<source>
		<database>Unknown</database>
	</source>
	<size>
		<width>960</width>
		<height>810</height>
		<depth>3</depth>
	</size>
	<segmented>0</segmented>
	<object>
		<name>LicensePlate</name>
		<pose>Unspecified</pose>
		<truncated>0</truncated>
		<difficult>0</difficult>
		<bndbox>
			<xmin>112</xmin>
			<ymin>58</ymin>
			<xmax>814</xmax>
			<ymax>747</ymax>
		</bndbox>
	</object>
</annotation>
