<annotation>
	<folder>Motorcycle</folder>
	<filename>14079634_678236535686518_2307815456243651758_n.jpg</filename>
	<path>C:\Users\Witan\Desktop\LPEX\Lab\Motorcycle\14079634_678236535686518_2307815456243651758_n.jpg</path>
	<source>
		<database>Unknown</database>
	</source>
	<size>
		<width>958</width>
		<height>586</height>
		<depth>3</depth>
	</size>
	<segmented>0</segmented>
	<object>
		<name>LicensePlate</name>
		<pose>Unspecified</pose>
		<truncated>0</truncated>
		<difficult>0</difficult>
		<bndbox>
			<xmin>23</xmin>
			<ymin>125</ymin>
			<xmax>480</xmax>
			<ymax>477</ymax>
		</bndbox>
	</object>
	<object>
		<name>LicensePlate</name>
		<pose>Unspecified</pose>
		<truncated>0</truncated>
		<difficult>0</difficult>
		<bndbox>
			<xmin>484</xmin>
			<ymin>139</ymin>
			<xmax>931</xmax>
			<ymax>468</ymax>
		</bndbox>
	</object>
</annotation>
