<annotation>
	<folder>Motorcycle</folder>
	<filename>14183762_682949358548569_925915771808845361_n.jpg</filename>
	<path>C:\Users\Witan\Desktop\LPEX\Lab\Motorcycle\14183762_682949358548569_925915771808845361_n.jpg</path>
	<source>
		<database>Unknown</database>
	</source>
	<size>
		<width>960</width>
		<height>720</height>
		<depth>3</depth>
	</size>
	<segmented>0</segmented>
	<object>
		<name>LicensePlate</name>
		<pose>Unspecified</pose>
		<truncated>0</truncated>
		<difficult>0</difficult>
		<bndbox>
			<xmin>59</xmin>
			<ymin>64</ymin>
			<xmax>893</xmax>
			<ymax>699</ymax>
		</bndbox>
	</object>
</annotation>
