<annotation>
	<folder>Motorcycle</folder>
	<filename>14184406_683490391827799_5723916951150529550_n.jpg</filename>
	<path>C:\Users\Witan\Desktop\LPEX\Lab\Motorcycle\14184406_683490391827799_5723916951150529550_n.jpg</path>
	<source>
		<database>Unknown</database>
	</source>
	<size>
		<width>960</width>
		<height>720</height>
		<depth>3</depth>
	</size>
	<segmented>0</segmented>
	<object>
		<name>LicensePlate</name>
		<pose>Unspecified</pose>
		<truncated>0</truncated>
		<difficult>0</difficult>
		<bndbox>
			<xmin>156</xmin>
			<ymin>155</ymin>
			<xmax>828</xmax>
			<ymax>686</ymax>
		</bndbox>
	</object>
</annotation>
