<annotation>
	<folder>Motorcycle</folder>
	<filename>14183714_683490418494463_2633570281694969241_n.jpg</filename>
	<path>C:\Users\Witan\Desktop\LPEX\Lab\Motorcycle\14183714_683490418494463_2633570281694969241_n.jpg</path>
	<source>
		<database>Unknown</database>
	</source>
	<size>
		<width>960</width>
		<height>720</height>
		<depth>3</depth>
	</size>
	<segmented>0</segmented>
	<object>
		<name>LicensePlate</name>
		<pose>Unspecified</pose>
		<truncated>0</truncated>
		<difficult>0</difficult>
		<bndbox>
			<xmin>70</xmin>
			<ymin>40</ymin>
			<xmax>897</xmax>
			<ymax>694</ymax>
		</bndbox>
	</object>
</annotation>
