<annotation>
	<folder>Motorcycle</folder>
	<filename>14225514_683891801787658_5255038093928596036_n.jpg</filename>
	<path>C:\Users\Witan\Desktop\LPEX\Lab\Motorcycle\14225514_683891801787658_5255038093928596036_n.jpg</path>
	<source>
		<database>Unknown</database>
	</source>
	<size>
		<width>960</width>
		<height>720</height>
		<depth>3</depth>
	</size>
	<segmented>0</segmented>
	<object>
		<name>LicensePlate</name>
		<pose>Unspecified</pose>
		<truncated>0</truncated>
		<difficult>0</difficult>
		<bndbox>
			<xmin>239</xmin>
			<ymin>94</ymin>
			<xmax>750</xmax>
			<ymax>488</ymax>
		</bndbox>
	</object>
</annotation>
