<annotation>
	<folder>Motorcycle</folder>
	<filename>14264239_684872828356222_3429056765364975265_n.jpg</filename>
	<path>C:\Users\Witan\Desktop\LPEX\Lab\Motorcycle\14264239_684872828356222_3429056765364975265_n.jpg</path>
	<source>
		<database>Unknown</database>
	</source>
	<size>
		<width>960</width>
		<height>540</height>
		<depth>3</depth>
	</size>
	<segmented>0</segmented>
	<object>
		<name>LicensePlate</name>
		<pose>Unspecified</pose>
		<truncated>0</truncated>
		<difficult>0</difficult>
		<bndbox>
			<xmin>96</xmin>
			<ymin>9</ymin>
			<xmax>833</xmax>
			<ymax>538</ymax>
		</bndbox>
	</object>
</annotation>
