<annotation>
	<folder>Motorcycle</folder>
	<filename>14333586_689145207928984_5544670589404856321_n.jpg</filename>
	<path>C:\Users\Witan\Desktop\LPEX\Lab\Motorcycle\14333586_689145207928984_5544670589404856321_n.jpg</path>
	<source>
		<database>Unknown</database>
	</source>
	<size>
		<width>960</width>
		<height>720</height>
		<depth>3</depth>
	</size>
	<segmented>0</segmented>
	<object>
		<name>LicensePlate</name>
		<pose>Unspecified</pose>
		<truncated>0</truncated>
		<difficult>0</difficult>
		<bndbox>
			<xmin>84</xmin>
			<ymin>34</ymin>
			<xmax>880</xmax>
			<ymax>658</ymax>
		</bndbox>
	</object>
</annotation>
