<annotation>
	<folder>Motorcycle</folder>
	<filename>14344235_691626994347472_6673938357443051651_n.jpg</filename>
	<path>C:\Users\Witan\Desktop\LPEX\Lab\Motorcycle\14344235_691626994347472_6673938357443051651_n.jpg</path>
	<source>
		<database>Unknown</database>
	</source>
	<size>
		<width>960</width>
		<height>540</height>
		<depth>3</depth>
	</size>
	<segmented>0</segmented>
	<object>
		<name>LicensePlate</name>
		<pose>Unspecified</pose>
		<truncated>0</truncated>
		<difficult>0</difficult>
		<bndbox>
			<xmin>156</xmin>
			<ymin>47</ymin>
			<xmax>789</xmax>
			<ymax>504</ymax>
		</bndbox>
	</object>
</annotation>
