<annotation>
	<folder>Motorcycle</folder>
	<filename>14484726_700050370171801_7811541705076688655_n.jpg</filename>
	<path>C:\Users\Witan\Desktop\LPEX\Lab\Motorcycle\14484726_700050370171801_7811541705076688655_n.jpg</path>
	<source>
		<database>Unknown</database>
	</source>
	<size>
		<width>960</width>
		<height>960</height>
		<depth>3</depth>
	</size>
	<segmented>0</segmented>
	<object>
		<name>LicensePlate</name>
		<pose>Unspecified</pose>
		<truncated>0</truncated>
		<difficult>0</difficult>
		<bndbox>
			<xmin>115</xmin>
			<ymin>311</ymin>
			<xmax>850</xmax>
			<ymax>867</ymax>
		</bndbox>
	</object>
</annotation>
