<annotation>
	<folder>Motorcycle</folder>
	<filename>15350553_739878419522329_7811387045529987321_n.jpg</filename>
	<path>C:\Users\Witan\Desktop\LPEX\Lab\Motorcycle\15350553_739878419522329_7811387045529987321_n.jpg</path>
	<source>
		<database>Unknown</database>
	</source>
	<size>
		<width>960</width>
		<height>540</height>
		<depth>3</depth>
	</size>
	<segmented>0</segmented>
	<object>
		<name>LicensePlate</name>
		<pose>Unspecified</pose>
		<truncated>0</truncated>
		<difficult>0</difficult>
		<bndbox>
			<xmin>254</xmin>
			<ymin>54</ymin>
			<xmax>799</xmax>
			<ymax>465</ymax>
		</bndbox>
	</object>
</annotation>
