<annotation>
	<folder>Motorcycle</folder>
	<filename>15697598_745864148923756_3962571073065052825_n.jpg</filename>
	<path>C:\Users\Witan\Desktop\LPEX\Lab\Motorcycle\15697598_745864148923756_3962571073065052825_n.jpg</path>
	<source>
		<database>Unknown</database>
	</source>
	<size>
		<width>960</width>
		<height>540</height>
		<depth>3</depth>
	</size>
	<segmented>0</segmented>
	<object>
		<name>LicensePlate</name>
		<pose>Unspecified</pose>
		<truncated>0</truncated>
		<difficult>0</difficult>
		<bndbox>
			<xmin>225</xmin>
			<ymin>60</ymin>
			<xmax>756</xmax>
			<ymax>442</ymax>
		</bndbox>
	</object>
</annotation>
