<annotation>
	<folder>Motorcycle</folder>
	<filename>1917511_1761853997368796_8701147441942434967_n.jpg</filename>
	<path>C:\Users\Witan\Desktop\LPEX\Lab\Motorcycle\1917511_1761853997368796_8701147441942434967_n.jpg</path>
	<source>
		<database>Unknown</database>
	</source>
	<size>
		<width>528</width>
		<height>960</height>
		<depth>3</depth>
	</size>
	<segmented>0</segmented>
	<object>
		<name>LicensePlate</name>
		<pose>Unspecified</pose>
		<truncated>0</truncated>
		<difficult>0</difficult>
		<bndbox>
			<xmin>77</xmin>
			<ymin>280</ymin>
			<xmax>337</xmax>
			<ymax>467</ymax>
		</bndbox>
	</object>
</annotation>
