<annotation>
	<folder>Motorcycle</folder>
	<filename>1929069_1752613704959492_7258673888788910155_n.jpg</filename>
	<path>C:\Users\Witan\Desktop\LPEX\Lab\Motorcycle\1929069_1752613704959492_7258673888788910155_n.jpg</path>
	<source>
		<database>Unknown</database>
	</source>
	<size>
		<width>528</width>
		<height>960</height>
		<depth>3</depth>
	</size>
	<segmented>0</segmented>
	<object>
		<name>LicensePlate</name>
		<pose>Unspecified</pose>
		<truncated>0</truncated>
		<difficult>0</difficult>
		<bndbox>
			<xmin>105</xmin>
			<ymin>580</ymin>
			<xmax>252</xmax>
			<ymax>683</ymax>
		</bndbox>
	</object>
</annotation>
