<annotation>
	<folder>Motorcycle</folder>
	<filename>21752095_905397556303747_5414226188287126377_n.jpg</filename>
	<path>C:\Users\Witan\Desktop\LPEX\Lab\Motorcycle\21752095_905397556303747_5414226188287126377_n.jpg</path>
	<source>
		<database>Unknown</database>
	</source>
	<size>
		<width>960</width>
		<height>540</height>
		<depth>3</depth>
	</size>
	<segmented>0</segmented>
	<object>
		<name>LicensePlate</name>
		<pose>Unspecified</pose>
		<truncated>0</truncated>
		<difficult>0</difficult>
		<bndbox>
			<xmin>203</xmin>
			<ymin>62</ymin>
			<xmax>782</xmax>
			<ymax>485</ymax>
		</bndbox>
	</object>
</annotation>
