<annotation>
	<folder>Motorcycle</folder>
	<filename>21765199_908304052679764_770870472848753908_n.jpg</filename>
	<path>C:\Users\Witan\Desktop\LPEX\Lab\Motorcycle\21765199_908304052679764_770870472848753908_n.jpg</path>
	<source>
		<database>Unknown</database>
	</source>
	<size>
		<width>960</width>
		<height>720</height>
		<depth>3</depth>
	</size>
	<segmented>0</segmented>
	<object>
		<name>LicensePlate</name>
		<pose>Unspecified</pose>
		<truncated>0</truncated>
		<difficult>0</difficult>
		<bndbox>
			<xmin>319</xmin>
			<ymin>86</ymin>
			<xmax>754</xmax>
			<ymax>574</ymax>
		</bndbox>
	</object>
</annotation>
