<annotation>
	<folder>Motorcycle</folder>
	<filename>22045893_908304096013093_4542081060592674093_n.jpg</filename>
	<path>C:\Users\Witan\Desktop\LPEX\Lab\Motorcycle\22045893_908304096013093_4542081060592674093_n.jpg</path>
	<source>
		<database>Unknown</database>
	</source>
	<size>
		<width>960</width>
		<height>720</height>
		<depth>3</depth>
	</size>
	<segmented>0</segmented>
	<object>
		<name>LicensePlate</name>
		<pose>Unspecified</pose>
		<truncated>0</truncated>
		<difficult>0</difficult>
		<bndbox>
			<xmin>135</xmin>
			<ymin>148</ymin>
			<xmax>697</xmax>
			<ymax>593</ymax>
		</bndbox>
	</object>
</annotation>
