<annotation>
	<folder>Motorcycle</folder>
	<filename>22405929_918082765035226_7344766048490181361_n.jpg</filename>
	<path>C:\Users\Witan\Desktop\LPEX\Lab\Motorcycle\22405929_918082765035226_7344766048490181361_n.jpg</path>
	<source>
		<database>Unknown</database>
	</source>
	<size>
		<width>960</width>
		<height>720</height>
		<depth>3</depth>
	</size>
	<segmented>0</segmented>
	<object>
		<name>LicensePlate</name>
		<pose>Unspecified</pose>
		<truncated>0</truncated>
		<difficult>0</difficult>
		<bndbox>
			<xmin>141</xmin>
			<ymin>116</ymin>
			<xmax>794</xmax>
			<ymax>607</ymax>
		</bndbox>
	</object>
</annotation>
