<annotation>
	<folder>Motorcycle</folder>
	<filename>22687647_922721594571343_3642157698233996741_n.jpg</filename>
	<path>C:\Users\Witan\Desktop\LPEX\Lab\Motorcycle\22687647_922721594571343_3642157698233996741_n.jpg</path>
	<source>
		<database>Unknown</database>
	</source>
	<size>
		<width>960</width>
		<height>540</height>
		<depth>3</depth>
	</size>
	<segmented>0</segmented>
	<object>
		<name>LicensePlate</name>
		<pose>Unspecified</pose>
		<truncated>0</truncated>
		<difficult>0</difficult>
		<bndbox>
			<xmin>241</xmin>
			<ymin>88</ymin>
			<xmax>787</xmax>
			<ymax>482</ymax>
		</bndbox>
	</object>
</annotation>
