<annotation>
	<folder>Motorcycle</folder>
	<filename>22730592_922721584571344_4400616832254602913_n.jpg</filename>
	<path>C:\Users\Witan\Desktop\LPEX\Lab\Motorcycle\22730592_922721584571344_4400616832254602913_n.jpg</path>
	<source>
		<database>Unknown</database>
	</source>
	<size>
		<width>960</width>
		<height>540</height>
		<depth>3</depth>
	</size>
	<segmented>0</segmented>
	<object>
		<name>LicensePlate</name>
		<pose>Unspecified</pose>
		<truncated>0</truncated>
		<difficult>0</difficult>
		<bndbox>
			<xmin>165</xmin>
			<ymin>15</ymin>
			<xmax>793</xmax>
			<ymax>422</ymax>
		</bndbox>
	</object>
</annotation>
