<annotation>
	<folder>Motorcycle</folder>
	<filename>23130714_929112990598870_4347871761516058912_n.jpg</filename>
	<path>C:\Users\Witan\Desktop\LPEX\Lab\Motorcycle\23130714_929112990598870_4347871761516058912_n.jpg</path>
	<source>
		<database>Unknown</database>
	</source>
	<size>
		<width>960</width>
		<height>720</height>
		<depth>3</depth>
	</size>
	<segmented>0</segmented>
	<object>
		<name>LicensePlate</name>
		<pose>Unspecified</pose>
		<truncated>1</truncated>
		<difficult>0</difficult>
		<bndbox>
			<xmin>1</xmin>
			<ymin>13</ymin>
			<xmax>806</xmax>
			<ymax>689</ymax>
		</bndbox>
	</object>
</annotation>
