<annotation>
	<folder>Motorcycle</folder>
	<filename>23244114_930551217121714_6393483131800264581_n.jpg</filename>
	<path>C:\Users\Witan\Desktop\LPEX\Lab\Motorcycle\23244114_930551217121714_6393483131800264581_n.jpg</path>
	<source>
		<database>Unknown</database>
	</source>
	<size>
		<width>960</width>
		<height>540</height>
		<depth>3</depth>
	</size>
	<segmented>0</segmented>
	<object>
		<name>LicensePlate</name>
		<pose>Unspecified</pose>
		<truncated>0</truncated>
		<difficult>0</difficult>
		<bndbox>
			<xmin>208</xmin>
			<ymin>18</ymin>
			<xmax>747</xmax>
			<ymax>483</ymax>
		</bndbox>
	</object>
</annotation>
