<annotation>
	<folder>Motorcycle</folder>
	<filename>23316804_929112933932209_8168991955936531243_n.jpg</filename>
	<path>C:\Users\Witan\Desktop\LPEX\Lab\Motorcycle\23316804_929112933932209_8168991955936531243_n.jpg</path>
	<source>
		<database>Unknown</database>
	</source>
	<size>
		<width>960</width>
		<height>720</height>
		<depth>3</depth>
	</size>
	<segmented>0</segmented>
	<object>
		<name>LicensePlate</name>
		<pose>Unspecified</pose>
		<truncated>1</truncated>
		<difficult>0</difficult>
		<bndbox>
			<xmin>375</xmin>
			<ymin>9</ymin>
			<xmax>960</xmax>
			<ymax>701</ymax>
		</bndbox>
	</object>
</annotation>
