<annotation>
	<folder>Motorcycle</folder>
	<filename>23795690_939074556269380_4226516620082733853_n.jpg</filename>
	<path>C:\Users\Witan\Desktop\LPEX\Lab\Motorcycle\23795690_939074556269380_4226516620082733853_n.jpg</path>
	<source>
		<database>Unknown</database>
	</source>
	<size>
		<width>960</width>
		<height>720</height>
		<depth>3</depth>
	</size>
	<segmented>0</segmented>
	<object>
		<name>LicensePlate</name>
		<pose>Unspecified</pose>
		<truncated>0</truncated>
		<difficult>0</difficult>
		<bndbox>
			<xmin>157</xmin>
			<ymin>289</ymin>
			<xmax>849</xmax>
			<ymax>647</ymax>
		</bndbox>
	</object>
</annotation>
