<annotation>
	<folder>Motorcycle</folder>
	<filename>23843621_939074529602716_7803047618173902047_n.jpg</filename>
	<path>C:\Users\Witan\Desktop\LPEX\Lab\Motorcycle\23843621_939074529602716_7803047618173902047_n.jpg</path>
	<source>
		<database>Unknown</database>
	</source>
	<size>
		<width>960</width>
		<height>720</height>
		<depth>3</depth>
	</size>
	<segmented>0</segmented>
	<object>
		<name>LicensePlate</name>
		<pose>Unspecified</pose>
		<truncated>0</truncated>
		<difficult>0</difficult>
		<bndbox>
			<xmin>309</xmin>
			<ymin>345</ymin>
			<xmax>649</xmax>
			<ymax>627</ymax>
		</bndbox>
	</object>
</annotation>
