<annotation>
	<folder>Motorcycle</folder>
	<filename>23905617_941310732712429_6027776332445105927_n.jpg</filename>
	<path>C:\Users\Witan\Desktop\LPEX\Lab\Motorcycle\23905617_941310732712429_6027776332445105927_n.jpg</path>
	<source>
		<database>Unknown</database>
	</source>
	<size>
		<width>960</width>
		<height>720</height>
		<depth>3</depth>
	</size>
	<segmented>0</segmented>
	<object>
		<name>LicensePlate</name>
		<pose>Unspecified</pose>
		<truncated>0</truncated>
		<difficult>0</difficult>
		<bndbox>
			<xmin>134</xmin>
			<ymin>110</ymin>
			<xmax>884</xmax>
			<ymax>686</ymax>
		</bndbox>
	</object>
</annotation>
