<annotation>
	<folder>Motorcycle</folder>
	<filename>24058830_941209602722542_3322029733943507156_n.jpg</filename>
	<path>C:\Users\Witan\Desktop\LPEX\Lab\Motorcycle\24058830_941209602722542_3322029733943507156_n.jpg</path>
	<source>
		<database>Unknown</database>
	</source>
	<size>
		<width>960</width>
		<height>720</height>
		<depth>3</depth>
	</size>
	<segmented>0</segmented>
	<object>
		<name>LicensePlate</name>
		<pose>Unspecified</pose>
		<truncated>0</truncated>
		<difficult>0</difficult>
		<bndbox>
			<xmin>129</xmin>
			<ymin>106</ymin>
			<xmax>877</xmax>
			<ymax>669</ymax>
		</bndbox>
	</object>
</annotation>
