<annotation>
	<folder>Motorcycle</folder>
	<filename>24130045_944479002395602_1960270927886798842_n.jpg</filename>
	<path>C:\Users\Witan\Desktop\LPEX\Lab\Motorcycle\24130045_944479002395602_1960270927886798842_n.jpg</path>
	<source>
		<database>Unknown</database>
	</source>
	<size>
		<width>960</width>
		<height>720</height>
		<depth>3</depth>
	</size>
	<segmented>0</segmented>
	<object>
		<name>LicensePlate</name>
		<pose>Unspecified</pose>
		<truncated>0</truncated>
		<difficult>0</difficult>
		<bndbox>
			<xmin>199</xmin>
			<ymin>90</ymin>
			<xmax>728</xmax>
			<ymax>629</ymax>
		</bndbox>
	</object>
</annotation>
