<annotation>
	<folder>Motorcycle</folder>
	<filename>24131586_943344345842401_8192722849675408925_n.jpg</filename>
	<path>C:\Users\Witan\Desktop\LPEX\Lab\Motorcycle\24131586_943344345842401_8192722849675408925_n.jpg</path>
	<source>
		<database>Unknown</database>
	</source>
	<size>
		<width>720</width>
		<height>960</height>
		<depth>3</depth>
	</size>
	<segmented>0</segmented>
	<object>
		<name>LicensePlate</name>
		<pose>Unspecified</pose>
		<truncated>0</truncated>
		<difficult>0</difficult>
		<bndbox>
			<xmin>46</xmin>
			<ymin>255</ymin>
			<xmax>679</xmax>
			<ymax>783</ymax>
		</bndbox>
	</object>
</annotation>
