<annotation>
	<folder>Motorcycle</folder>
	<filename>24174706_941209632722539_5101994378799772931_n.jpg</filename>
	<path>C:\Users\Witan\Desktop\LPEX\Lab\Motorcycle\24174706_941209632722539_5101994378799772931_n.jpg</path>
	<source>
		<database>Unknown</database>
	</source>
	<size>
		<width>720</width>
		<height>960</height>
		<depth>3</depth>
	</size>
	<segmented>0</segmented>
	<object>
		<name>LicensePlate</name>
		<pose>Unspecified</pose>
		<truncated>0</truncated>
		<difficult>0</difficult>
		<bndbox>
			<xmin>56</xmin>
			<ymin>295</ymin>
			<xmax>661</xmax>
			<ymax>812</ymax>
		</bndbox>
	</object>
</annotation>
