<annotation>
	<folder>Motorcycle</folder>
	<filename>24232111_943344339175735_6558874292504565994_n.jpg</filename>
	<path>C:\Users\Witan\Desktop\LPEX\Lab\Motorcycle\24232111_943344339175735_6558874292504565994_n.jpg</path>
	<source>
		<database>Unknown</database>
	</source>
	<size>
		<width>720</width>
		<height>960</height>
		<depth>3</depth>
	</size>
	<segmented>0</segmented>
	<object>
		<name>LicensePlate</name>
		<pose>Unspecified</pose>
		<truncated>0</truncated>
		<difficult>0</difficult>
		<bndbox>
			<xmin>146</xmin>
			<ymin>288</ymin>
			<xmax>570</xmax>
			<ymax>916</ymax>
		</bndbox>
	</object>
</annotation>
