<annotation>
	<folder>Motorcycle</folder>
	<filename>24296354_945062022337300_1166571425711158443_n.jpg</filename>
	<path>C:\Users\Witan\Desktop\LPEX\Lab\Motorcycle\24296354_945062022337300_1166571425711158443_n.jpg</path>
	<source>
		<database>Unknown</database>
	</source>
	<size>
		<width>720</width>
		<height>960</height>
		<depth>3</depth>
	</size>
	<segmented>0</segmented>
	<object>
		<name>LicensePlate</name>
		<pose>Unspecified</pose>
		<truncated>0</truncated>
		<difficult>0</difficult>
		<bndbox>
			<xmin>253</xmin>
			<ymin>472</ymin>
			<xmax>524</xmax>
			<ymax>684</ymax>
		</bndbox>
	</object>
</annotation>
