<annotation>
	<folder>Motorcycle</folder>
	<filename>24296722_945062049003964_1430637601415985566_n.jpg</filename>
	<path>C:\Users\Witan\Desktop\LPEX\Lab\Motorcycle\24296722_945062049003964_1430637601415985566_n.jpg</path>
	<source>
		<database>Unknown</database>
	</source>
	<size>
		<width>720</width>
		<height>960</height>
		<depth>3</depth>
	</size>
	<segmented>0</segmented>
	<object>
		<name>LicensePlate</name>
		<pose>Unspecified</pose>
		<truncated>1</truncated>
		<difficult>0</difficult>
		<bndbox>
			<xmin>1</xmin>
			<ymin>15</ymin>
			<xmax>508</xmax>
			<ymax>780</ymax>
		</bndbox>
	</object>
</annotation>
