<annotation>
	<folder>Motorcycle</folder>
	<filename>24774785_945062055670630_1147552368862536663_n.jpg</filename>
	<path>C:\Users\Witan\Desktop\LPEX\Lab\Motorcycle\24774785_945062055670630_1147552368862536663_n.jpg</path>
	<source>
		<database>Unknown</database>
	</source>
	<size>
		<width>960</width>
		<height>720</height>
		<depth>3</depth>
	</size>
	<segmented>0</segmented>
	<object>
		<name>LicensePlate</name>
		<pose>Unspecified</pose>
		<truncated>0</truncated>
		<difficult>0</difficult>
		<bndbox>
			<xmin>103</xmin>
			<ymin>13</ymin>
			<xmax>894</xmax>
			<ymax>719</ymax>
		</bndbox>
	</object>
</annotation>
