<annotation>
	<folder>Motorcycle</folder>
	<filename>24796283_945062025670633_5897944042005634811_n.jpg</filename>
	<path>C:\Users\Witan\Desktop\LPEX\Lab\Motorcycle\24796283_945062025670633_5897944042005634811_n.jpg</path>
	<source>
		<database>Unknown</database>
	</source>
	<size>
		<width>960</width>
		<height>720</height>
		<depth>3</depth>
	</size>
	<segmented>0</segmented>
	<object>
		<name>LicensePlate</name>
		<pose>Unspecified</pose>
		<truncated>0</truncated>
		<difficult>0</difficult>
		<bndbox>
			<xmin>293</xmin>
			<ymin>187</ymin>
			<xmax>680</xmax>
			<ymax>472</ymax>
		</bndbox>
	</object>
</annotation>
