<annotation>
	<folder>Motorcycle</folder>
	<filename>24852298_946687015508134_389828768914491320_n.jpg</filename>
	<path>C:\Users\Witan\Desktop\LPEX\Lab\Motorcycle\24852298_946687015508134_389828768914491320_n.jpg</path>
	<source>
		<database>Unknown</database>
	</source>
	<size>
		<width>720</width>
		<height>960</height>
		<depth>3</depth>
	</size>
	<segmented>0</segmented>
	<object>
		<name>LicensePlate</name>
		<pose>Unspecified</pose>
		<truncated>1</truncated>
		<difficult>0</difficult>
		<bndbox>
			<xmin>43</xmin>
			<ymin>115</ymin>
			<xmax>561</xmax>
			<ymax>960</ymax>
		</bndbox>
	</object>
</annotation>
