<annotation>
	<folder>Motorcycle</folder>
	<filename>25550137_953153624861473_4993952189375604585_n.jpg</filename>
	<path>C:\Users\Witan\Desktop\LPEX\Lab\Motorcycle\25550137_953153624861473_4993952189375604585_n.jpg</path>
	<source>
		<database>Unknown</database>
	</source>
	<size>
		<width>960</width>
		<height>720</height>
		<depth>3</depth>
	</size>
	<segmented>0</segmented>
	<object>
		<name>LicensePlate</name>
		<pose>Unspecified</pose>
		<truncated>0</truncated>
		<difficult>0</difficult>
		<bndbox>
			<xmin>250</xmin>
			<ymin>109</ymin>
			<xmax>915</xmax>
			<ymax>599</ymax>
		</bndbox>
	</object>
</annotation>
