<annotation>
	<folder>Motorcycle</folder>
	<filename>26991856_2092842070936652_7851895086365453060_n.jpg</filename>
	<path>C:\Users\Witan\Desktop\LPEX\Lab\Motorcycle\26991856_2092842070936652_7851895086365453060_n.jpg</path>
	<source>
		<database>Unknown</database>
	</source>
	<size>
		<width>720</width>
		<height>960</height>
		<depth>3</depth>
	</size>
	<segmented>0</segmented>
	<object>
		<name>LicensePlate</name>
		<pose>Unspecified</pose>
		<truncated>0</truncated>
		<difficult>0</difficult>
		<bndbox>
			<xmin>110</xmin>
			<ymin>522</ymin>
			<xmax>541</xmax>
			<ymax>870</ymax>
		</bndbox>
	</object>
</annotation>
