<annotation>
	<folder>Motorcycle</folder>
	<filename>27657542_984901871686648_8268715587605834869_n.jpg</filename>
	<path>C:\Users\Witan\Desktop\LPEX\Lab\Motorcycle\27657542_984901871686648_8268715587605834869_n.jpg</path>
	<source>
		<database>Unknown</database>
	</source>
	<size>
		<width>960</width>
		<height>720</height>
		<depth>3</depth>
	</size>
	<segmented>0</segmented>
	<object>
		<name>LicensePlate</name>
		<pose>Unspecified</pose>
		<truncated>0</truncated>
		<difficult>0</difficult>
		<bndbox>
			<xmin>264</xmin>
			<ymin>15</ymin>
			<xmax>827</xmax>
			<ymax>661</ymax>
		</bndbox>
	</object>
</annotation>
