<annotation>
	<folder>Motorcycle</folder>
	<filename>27657601_982597148583787_1918334021613433679_n.jpg</filename>
	<path>C:\Users\Witan\Desktop\LPEX\Lab\Motorcycle\27657601_982597148583787_1918334021613433679_n.jpg</path>
	<source>
		<database>Unknown</database>
	</source>
	<size>
		<width>960</width>
		<height>720</height>
		<depth>3</depth>
	</size>
	<segmented>0</segmented>
	<object>
		<name>LicensePlate</name>
		<pose>Unspecified</pose>
		<truncated>1</truncated>
		<difficult>0</difficult>
		<bndbox>
			<xmin>272</xmin>
			<ymin>180</ymin>
			<xmax>854</xmax>
			<ymax>720</ymax>
		</bndbox>
	</object>
</annotation>
