<annotation>
	<folder>Motorcycle</folder>
	<filename>27751464_987340311442804_3297119180847675897_n.jpg</filename>
	<path>C:\Users\Witan\Desktop\LPEX\Lab\Motorcycle\27751464_987340311442804_3297119180847675897_n.jpg</path>
	<source>
		<database>Unknown</database>
	</source>
	<size>
		<width>960</width>
		<height>720</height>
		<depth>3</depth>
	</size>
	<segmented>0</segmented>
	<object>
		<name>LicensePlate</name>
		<pose>Unspecified</pose>
		<truncated>0</truncated>
		<difficult>0</difficult>
		<bndbox>
			<xmin>290</xmin>
			<ymin>277</ymin>
			<xmax>621</xmax>
			<ymax>534</ymax>
		</bndbox>
	</object>
</annotation>
