<annotation>
	<folder>Motorcycle</folder>
	<filename>27750603_984901888353313_7691289865125670705_n.jpg</filename>
	<path>C:\Users\Witan\Desktop\LPEX\Lab\Motorcycle\27750603_984901888353313_7691289865125670705_n.jpg</path>
	<source>
		<database>Unknown</database>
	</source>
	<size>
		<width>720</width>
		<height>960</height>
		<depth>3</depth>
	</size>
	<segmented>0</segmented>
	<object>
		<name>LicensePlate</name>
		<pose>Unspecified</pose>
		<truncated>1</truncated>
		<difficult>0</difficult>
		<bndbox>
			<xmin>19</xmin>
			<ymin>195</ymin>
			<xmax>720</xmax>
			<ymax>730</ymax>
		</bndbox>
	</object>
</annotation>
