<annotation>
	<folder>Motorcycle</folder>
	<filename>27750192_984901825019986_5266101561104693004_n.jpg</filename>
	<path>C:\Users\Witan\Desktop\LPEX\Lab\Motorcycle\27750192_984901825019986_5266101561104693004_n.jpg</path>
	<source>
		<database>Unknown</database>
	</source>
	<size>
		<width>960</width>
		<height>720</height>
		<depth>3</depth>
	</size>
	<segmented>0</segmented>
	<object>
		<name>LicensePlate</name>
		<pose>Unspecified</pose>
		<truncated>0</truncated>
		<difficult>0</difficult>
		<bndbox>
			<xmin>386</xmin>
			<ymin>406</ymin>
			<xmax>631</xmax>
			<ymax>600</ymax>
		</bndbox>
	</object>
</annotation>
