<annotation>
	<folder>Motorcycle</folder>
	<filename>27858501_984901828353319_3104786255916161436_n.jpg</filename>
	<path>C:\Users\Witan\Desktop\LPEX\Lab\Motorcycle\27858501_984901828353319_3104786255916161436_n.jpg</path>
	<source>
		<database>Unknown</database>
	</source>
	<size>
		<width>960</width>
		<height>720</height>
		<depth>3</depth>
	</size>
	<segmented>0</segmented>
	<object>
		<name>LicensePlate</name>
		<pose>Unspecified</pose>
		<truncated>0</truncated>
		<difficult>0</difficult>
		<bndbox>
			<xmin>210</xmin>
			<ymin>235</ymin>
			<xmax>735</xmax>
			<ymax>609</ymax>
		</bndbox>
	</object>
</annotation>
