<annotation>
	<folder>Motorcycle</folder>
	<filename>27858735_986204804889688_9137684137809877028_n.jpg</filename>
	<path>C:\Users\Witan\Desktop\LPEX\Lab\Motorcycle\27858735_986204804889688_9137684137809877028_n.jpg</path>
	<source>
		<database>Unknown</database>
	</source>
	<size>
		<width>960</width>
		<height>720</height>
		<depth>3</depth>
	</size>
	<segmented>0</segmented>
	<object>
		<name>LicensePlate</name>
		<pose>Unspecified</pose>
		<truncated>0</truncated>
		<difficult>0</difficult>
		<bndbox>
			<xmin>217</xmin>
			<ymin>116</ymin>
			<xmax>764</xmax>
			<ymax>576</ymax>
		</bndbox>
	</object>
</annotation>
