<annotation>
	<folder>Motorcycle</folder>
	<filename>27867074_986204791556356_4846544860790245230_n.jpg</filename>
	<path>C:\Users\Witan\Desktop\LPEX\Lab\Motorcycle\27867074_986204791556356_4846544860790245230_n.jpg</path>
	<source>
		<database>Unknown</database>
	</source>
	<size>
		<width>960</width>
		<height>720</height>
		<depth>3</depth>
	</size>
	<segmented>0</segmented>
	<object>
		<name>LicensePlate</name>
		<pose>Unspecified</pose>
		<truncated>0</truncated>
		<difficult>0</difficult>
		<bndbox>
			<xmin>353</xmin>
			<ymin>359</ymin>
			<xmax>600</xmax>
			<ymax>563</ymax>
		</bndbox>
	</object>
</annotation>
