<annotation>
	<folder>Motorcycle</folder>
	<filename>28055845_987340314776137_8184956767155882079_n.jpg</filename>
	<path>C:\Users\Witan\Desktop\LPEX\Lab\Motorcycle\28055845_987340314776137_8184956767155882079_n.jpg</path>
	<source>
		<database>Unknown</database>
	</source>
	<size>
		<width>960</width>
		<height>720</height>
		<depth>3</depth>
	</size>
	<segmented>0</segmented>
	<object>
		<name>LicensePlate</name>
		<pose>Unspecified</pose>
		<truncated>1</truncated>
		<difficult>0</difficult>
		<bndbox>
			<xmin>44</xmin>
			<ymin>238</ymin>
			<xmax>947</xmax>
			<ymax>720</ymax>
		</bndbox>
	</object>
</annotation>
