<annotation>
	<folder>Motorcycle</folder>
	<filename>28056841_987340348109467_4450792618127433086_n.jpg</filename>
	<path>C:\Users\Witan\Desktop\LPEX\Lab\Motorcycle\28056841_987340348109467_4450792618127433086_n.jpg</path>
	<source>
		<database>Unknown</database>
	</source>
	<size>
		<width>720</width>
		<height>960</height>
		<depth>3</depth>
	</size>
	<segmented>0</segmented>
	<object>
		<name>LicensePlate</name>
		<pose>Unspecified</pose>
		<truncated>1</truncated>
		<difficult>0</difficult>
		<bndbox>
			<xmin>15</xmin>
			<ymin>10</ymin>
			<xmax>720</xmax>
			<ymax>787</ymax>
		</bndbox>
	</object>
</annotation>
