<annotation>
	<folder>Motorcycle</folder>
	<filename>29244349_1005672969609538_599185377021919232_n.jpg</filename>
	<path>C:\Users\Witan\Desktop\LPEX\Lab\Motorcycle\29244349_1005672969609538_599185377021919232_n.jpg</path>
	<source>
		<database>Unknown</database>
	</source>
	<size>
		<width>960</width>
		<height>720</height>
		<depth>3</depth>
	</size>
	<segmented>0</segmented>
	<object>
		<name>LicensePlate</name>
		<pose>Unspecified</pose>
		<truncated>0</truncated>
		<difficult>0</difficult>
		<bndbox>
			<xmin>283</xmin>
			<ymin>313</ymin>
			<xmax>696</xmax>
			<ymax>619</ymax>
		</bndbox>
	</object>
</annotation>
