<annotation>
	<folder>Motorcycle</folder>
	<filename>29249597_1005672916276210_6389092263179321344_n.jpg</filename>
	<path>C:\Users\Witan\Desktop\LPEX\Lab\Motorcycle\29249597_1005672916276210_6389092263179321344_n.jpg</path>
	<source>
		<database>Unknown</database>
	</source>
	<size>
		<width>960</width>
		<height>720</height>
		<depth>3</depth>
	</size>
	<segmented>0</segmented>
	<object>
		<name>LicensePlate</name>
		<pose>Unspecified</pose>
		<truncated>0</truncated>
		<difficult>0</difficult>
		<bndbox>
			<xmin>299</xmin>
			<ymin>416</ymin>
			<xmax>606</xmax>
			<ymax>640</ymax>
		</bndbox>
	</object>
</annotation>
