<annotation>
	<folder>Motorcycle</folder>
	<filename>29243702_1005672499609585_7184952241453793280_n.jpg</filename>
	<path>C:\Users\Witan\Desktop\LPEX\Lab\Motorcycle\29243702_1005672499609585_7184952241453793280_n.jpg</path>
	<source>
		<database>Unknown</database>
	</source>
	<size>
		<width>960</width>
		<height>720</height>
		<depth>3</depth>
	</size>
	<segmented>0</segmented>
	<object>
		<name>LicensePlate</name>
		<pose>Unspecified</pose>
		<truncated>0</truncated>
		<difficult>0</difficult>
		<bndbox>
			<xmin>291</xmin>
			<ymin>319</ymin>
			<xmax>697</xmax>
			<ymax>613</ymax>
		</bndbox>
	</object>
</annotation>
