<annotation>
	<folder>Motorcycle</folder>
	<filename>29258209_1005672356276266_6719860828654272512_n.jpg</filename>
	<path>C:\Users\Witan\Desktop\LPEX\Lab\Motorcycle\29258209_1005672356276266_6719860828654272512_n.jpg</path>
	<source>
		<database>Unknown</database>
	</source>
	<size>
		<width>960</width>
		<height>720</height>
		<depth>3</depth>
	</size>
	<segmented>0</segmented>
	<object>
		<name>LicensePlate</name>
		<pose>Unspecified</pose>
		<truncated>0</truncated>
		<difficult>0</difficult>
		<bndbox>
			<xmin>289</xmin>
			<ymin>421</ymin>
			<xmax>608</xmax>
			<ymax>643</ymax>
		</bndbox>
	</object>
</annotation>
