<annotation>
	<folder>Motorcycle</folder>
	<filename>2951a800546fc6bf3e9972e4a1914fd6.jpg</filename>
	<path>C:\Users\Witan\Desktop\LPEX\Lab\Motorcycle\2951a800546fc6bf3e9972e4a1914fd6.jpg</path>
	<source>
		<database>Unknown</database>
	</source>
	<size>
		<width>1024</width>
		<height>1024</height>
		<depth>3</depth>
	</size>
	<segmented>0</segmented>
	<object>
		<name>LicensePlate</name>
		<pose>Unspecified</pose>
		<truncated>0</truncated>
		<difficult>0</difficult>
		<bndbox>
			<xmin>333</xmin>
			<ymin>405</ymin>
			<xmax>714</xmax>
			<ymax>767</ymax>
		</bndbox>
	</object>
</annotation>
