<annotation>
	<folder>Motorcycle</folder>
	<filename>29571117_1013961938780641_4630606069982626793_n.jpg</filename>
	<path>C:\Users\Witan\Desktop\LPEX\Lab\Motorcycle\29571117_1013961938780641_4630606069982626793_n.jpg</path>
	<source>
		<database>Unknown</database>
	</source>
	<size>
		<width>720</width>
		<height>960</height>
		<depth>3</depth>
	</size>
	<segmented>0</segmented>
	<object>
		<name>LicensePlate</name>
		<pose>Unspecified</pose>
		<truncated>0</truncated>
		<difficult>0</difficult>
		<bndbox>
			<xmin>197</xmin>
			<ymin>134</ymin>
			<xmax>699</xmax>
			<ymax>898</ymax>
		</bndbox>
	</object>
</annotation>
