<annotation>
	<folder>Motorcycle</folder>
	<filename>29597833_1013961998780635_2245128687368817257_n.jpg</filename>
	<path>C:\Users\Witan\Desktop\LPEX\Lab\Motorcycle\29597833_1013961998780635_2245128687368817257_n.jpg</path>
	<source>
		<database>Unknown</database>
	</source>
	<size>
		<width>960</width>
		<height>720</height>
		<depth>3</depth>
	</size>
	<segmented>0</segmented>
	<object>
		<name>LicensePlate</name>
		<pose>Unspecified</pose>
		<truncated>1</truncated>
		<difficult>0</difficult>
		<bndbox>
			<xmin>206</xmin>
			<ymin>29</ymin>
			<xmax>838</xmax>
			<ymax>720</ymax>
		</bndbox>
	</object>
</annotation>
