<annotation>
	<folder>Motorcycle</folder>
	<filename>31138109_1027263317450503_7624100282258948096_n.jpg</filename>
	<path>C:\Users\Witan\Desktop\LPEX\Lab\Motorcycle\31138109_1027263317450503_7624100282258948096_n.jpg</path>
	<source>
		<database>Unknown</database>
	</source>
	<size>
		<width>960</width>
		<height>720</height>
		<depth>3</depth>
	</size>
	<segmented>0</segmented>
	<object>
		<name>LicensePlate</name>
		<pose>Unspecified</pose>
		<truncated>0</truncated>
		<difficult>0</difficult>
		<bndbox>
			<xmin>356</xmin>
			<ymin>342</ymin>
			<xmax>606</xmax>
			<ymax>537</ymax>
		</bndbox>
	</object>
</annotation>
