<annotation>
	<folder>Motorcycle</folder>
	<filename>31138127_1027263344117167_634458586214301696_n.jpg</filename>
	<path>C:\Users\Witan\Desktop\LPEX\Lab\Motorcycle\31138127_1027263344117167_634458586214301696_n.jpg</path>
	<source>
		<database>Unknown</database>
	</source>
	<size>
		<width>960</width>
		<height>720</height>
		<depth>3</depth>
	</size>
	<segmented>0</segmented>
	<object>
		<name>LicensePlate</name>
		<pose>Unspecified</pose>
		<truncated>0</truncated>
		<difficult>0</difficult>
		<bndbox>
			<xmin>416</xmin>
			<ymin>325</ymin>
			<xmax>654</xmax>
			<ymax>501</ymax>
		</bndbox>
	</object>
</annotation>
