<annotation>
	<folder>Motorcycle</folder>
	<filename>32512064_1040167496160085_1330131412858175488_n.jpg</filename>
	<path>C:\Users\Witan\Desktop\LPEX\Lab\Motorcycle\32512064_1040167496160085_1330131412858175488_n.jpg</path>
	<source>
		<database>Unknown</database>
	</source>
	<size>
		<width>960</width>
		<height>720</height>
		<depth>3</depth>
	</size>
	<segmented>0</segmented>
	<object>
		<name>LicensePlate</name>
		<pose>Unspecified</pose>
		<truncated>0</truncated>
		<difficult>0</difficult>
		<bndbox>
			<xmin>377</xmin>
			<ymin>360</ymin>
			<xmax>614</xmax>
			<ymax>533</ymax>
		</bndbox>
	</object>
</annotation>
