<annotation>
	<folder>Motorcycle</folder>
	<filename>32562018_1040167482826753_8810945345535082496_n.jpg</filename>
	<path>C:\Users\Witan\Desktop\LPEX\Lab\Motorcycle\32562018_1040167482826753_8810945345535082496_n.jpg</path>
	<source>
		<database>Unknown</database>
	</source>
	<size>
		<width>960</width>
		<height>720</height>
		<depth>3</depth>
	</size>
	<segmented>0</segmented>
	<object>
		<name>LicensePlate</name>
		<pose>Unspecified</pose>
		<truncated>0</truncated>
		<difficult>0</difficult>
		<bndbox>
			<xmin>316</xmin>
			<ymin>198</ymin>
			<xmax>614</xmax>
			<ymax>545</ymax>
		</bndbox>
	</object>
</annotation>
