<annotation>
	<folder>Motorcycle</folder>
	<filename>32583347_1040167586160076_5719706710856171520_n.jpg</filename>
	<path>C:\Users\Witan\Desktop\LPEX\Lab\Motorcycle\32583347_1040167586160076_5719706710856171520_n.jpg</path>
	<source>
		<database>Unknown</database>
	</source>
	<size>
		<width>960</width>
		<height>720</height>
		<depth>3</depth>
	</size>
	<segmented>0</segmented>
	<object>
		<name>LicensePlate</name>
		<pose>Unspecified</pose>
		<truncated>0</truncated>
		<difficult>0</difficult>
		<bndbox>
			<xmin>274</xmin>
			<ymin>172</ymin>
			<xmax>485</xmax>
			<ymax>467</ymax>
		</bndbox>
	</object>
</annotation>
