<annotation>
	<folder>Motorcycle</folder>
	<filename>32599603_1040167542826747_7617591667343753216_n.jpg</filename>
	<path>C:\Users\Witan\Desktop\LPEX\Lab\Motorcycle\32599603_1040167542826747_7617591667343753216_n.jpg</path>
	<source>
		<database>Unknown</database>
	</source>
	<size>
		<width>960</width>
		<height>720</height>
		<depth>3</depth>
	</size>
	<segmented>0</segmented>
	<object>
		<name>LicensePlate</name>
		<pose>Unspecified</pose>
		<truncated>0</truncated>
		<difficult>0</difficult>
		<bndbox>
			<xmin>618</xmin>
			<ymin>401</ymin>
			<xmax>771</xmax>
			<ymax>582</ymax>
		</bndbox>
	</object>
</annotation>
