<annotation>
	<folder>Motorcycle</folder>
	<filename>32602601_1040168182826683_1400147523040968704_n.jpg</filename>
	<path>C:\Users\Witan\Desktop\LPEX\Lab\Motorcycle\32602601_1040168182826683_1400147523040968704_n.jpg</path>
	<source>
		<database>Unknown</database>
	</source>
	<size>
		<width>960</width>
		<height>720</height>
		<depth>3</depth>
	</size>
	<segmented>0</segmented>
	<object>
		<name>LicensePlate</name>
		<pose>Unspecified</pose>
		<truncated>0</truncated>
		<difficult>0</difficult>
		<bndbox>
			<xmin>332</xmin>
			<ymin>80</ymin>
			<xmax>688</xmax>
			<ymax>393</ymax>
		</bndbox>
	</object>
</annotation>
