<annotation>
	<folder>Motorcycle</folder>
	<filename>32734071_1041125049397663_7591062783932760064_n.jpg</filename>
	<path>C:\Users\Witan\Desktop\LPEX\Lab\Motorcycle\32734071_1041125049397663_7591062783932760064_n.jpg</path>
	<source>
		<database>Unknown</database>
	</source>
	<size>
		<width>960</width>
		<height>720</height>
		<depth>3</depth>
	</size>
	<segmented>0</segmented>
	<object>
		<name>LicensePlate</name>
		<pose>Unspecified</pose>
		<truncated>0</truncated>
		<difficult>0</difficult>
		<bndbox>
			<xmin>354</xmin>
			<ymin>145</ymin>
			<xmax>849</xmax>
			<ymax>613</ymax>
		</bndbox>
	</object>
</annotation>
