<annotation>
	<folder>Motorcycle</folder>
	<filename>32775959_1041125232730978_3545058013184262144_n.jpg</filename>
	<path>C:\Users\Witan\Desktop\LPEX\Lab\Motorcycle\32775959_1041125232730978_3545058013184262144_n.jpg</path>
	<source>
		<database>Unknown</database>
	</source>
	<size>
		<width>960</width>
		<height>720</height>
		<depth>3</depth>
	</size>
	<segmented>0</segmented>
	<object>
		<name>LicensePlate</name>
		<pose>Unspecified</pose>
		<truncated>0</truncated>
		<difficult>0</difficult>
		<bndbox>
			<xmin>177</xmin>
			<ymin>314</ymin>
			<xmax>347</xmax>
			<ymax>535</ymax>
		</bndbox>
	</object>
</annotation>
