<annotation>
	<folder>Motorcycle</folder>
	<filename>32835119_1041125099397658_6012667216095346688_n.jpg</filename>
	<path>C:\Users\Witan\Desktop\LPEX\Lab\Motorcycle\32835119_1041125099397658_6012667216095346688_n.jpg</path>
	<source>
		<database>Unknown</database>
	</source>
	<size>
		<width>960</width>
		<height>720</height>
		<depth>3</depth>
	</size>
	<segmented>0</segmented>
	<object>
		<name>LicensePlate</name>
		<pose>Unspecified</pose>
		<truncated>0</truncated>
		<difficult>0</difficult>
		<bndbox>
			<xmin>328</xmin>
			<ymin>235</ymin>
			<xmax>716</xmax>
			<ymax>525</ymax>
		</bndbox>
	</object>
</annotation>
