<annotation>
	<folder>Motorcycle</folder>
	<filename>32834025_1041125302730971_6040679074404237312_n.jpg</filename>
	<path>C:\Users\Witan\Desktop\LPEX\Lab\Motorcycle\32834025_1041125302730971_6040679074404237312_n.jpg</path>
	<source>
		<database>Unknown</database>
	</source>
	<size>
		<width>960</width>
		<height>720</height>
		<depth>3</depth>
	</size>
	<segmented>0</segmented>
	<object>
		<name>LicensePlate</name>
		<pose>Unspecified</pose>
		<truncated>0</truncated>
		<difficult>0</difficult>
		<bndbox>
			<xmin>289</xmin>
			<ymin>135</ymin>
			<xmax>842</xmax>
			<ymax>606</ymax>
		</bndbox>
	</object>
</annotation>
