<annotation>
	<folder>Motorcycle</folder>
	<filename>33664715_1046705468839621_1503264130130247680_n.jpg</filename>
	<path>C:\Users\Witan\Desktop\LPEX\Lab\Motorcycle\33664715_1046705468839621_1503264130130247680_n.jpg</path>
	<source>
		<database>Unknown</database>
	</source>
	<size>
		<width>960</width>
		<height>720</height>
		<depth>3</depth>
	</size>
	<segmented>0</segmented>
	<object>
		<name>LicensePlate</name>
		<pose>Unspecified</pose>
		<truncated>0</truncated>
		<difficult>0</difficult>
		<bndbox>
			<xmin>248</xmin>
			<ymin>103</ymin>
			<xmax>706</xmax>
			<ymax>666</ymax>
		</bndbox>
	</object>
</annotation>
