<annotation>
	<folder>Motorcycle</folder>
	<filename>33750330_1046705598839608_282379230535221248_n.jpg</filename>
	<path>C:\Users\Witan\Desktop\LPEX\Lab\Motorcycle\33750330_1046705598839608_282379230535221248_n.jpg</path>
	<source>
		<database>Unknown</database>
	</source>
	<size>
		<width>960</width>
		<height>720</height>
		<depth>3</depth>
	</size>
	<segmented>0</segmented>
	<object>
		<name>LicensePlate</name>
		<pose>Unspecified</pose>
		<truncated>0</truncated>
		<difficult>0</difficult>
		<bndbox>
			<xmin>673</xmin>
			<ymin>384</ymin>
			<xmax>841</xmax>
			<ymax>535</ymax>
		</bndbox>
	</object>
</annotation>
