<annotation>
	<folder>Motorcycle</folder>
	<filename>34158960_1049503798559788_5053649320100757504_n.jpg</filename>
	<path>C:\Users\Witan\Desktop\LPEX\Lab\Motorcycle\34158960_1049503798559788_5053649320100757504_n.jpg</path>
	<source>
		<database>Unknown</database>
	</source>
	<size>
		<width>960</width>
		<height>720</height>
		<depth>3</depth>
	</size>
	<segmented>0</segmented>
	<object>
		<name>LicensePlate</name>
		<pose>Unspecified</pose>
		<truncated>0</truncated>
		<difficult>0</difficult>
		<bndbox>
			<xmin>249</xmin>
			<ymin>448</ymin>
			<xmax>370</xmax>
			<ymax>593</ymax>
		</bndbox>
	</object>
</annotation>
