<annotation>
	<folder>Motorcycle</folder>
	<filename>34176602_1049503865226448_1609209205112176640_n.jpg</filename>
	<path>C:\Users\Witan\Desktop\LPEX\Lab\Motorcycle\34176602_1049503865226448_1609209205112176640_n.jpg</path>
	<source>
		<database>Unknown</database>
	</source>
	<size>
		<width>960</width>
		<height>720</height>
		<depth>3</depth>
	</size>
	<segmented>0</segmented>
	<object>
		<name>LicensePlate</name>
		<pose>Unspecified</pose>
		<truncated>0</truncated>
		<difficult>0</difficult>
		<bndbox>
			<xmin>635</xmin>
			<ymin>395</ymin>
			<xmax>810</xmax>
			<ymax>561</ymax>
		</bndbox>
	</object>
</annotation>
