<annotation>
	<folder>Motorcycle</folder>
	<filename>34188197_1049503931893108_7276552400544989184_n.jpg</filename>
	<path>C:\Users\Witan\Desktop\LPEX\Lab\Motorcycle\34188197_1049503931893108_7276552400544989184_n.jpg</path>
	<source>
		<database>Unknown</database>
	</source>
	<size>
		<width>960</width>
		<height>720</height>
		<depth>3</depth>
	</size>
	<segmented>0</segmented>
	<object>
		<name>LicensePlate</name>
		<pose>Unspecified</pose>
		<truncated>0</truncated>
		<difficult>0</difficult>
		<bndbox>
			<xmin>261</xmin>
			<ymin>308</ymin>
			<xmax>543</xmax>
			<ymax>583</ymax>
		</bndbox>
	</object>
</annotation>
