<annotation>
	<folder>Motorcycle</folder>
	<filename>34258973_1049504038559764_689545450205741056_n.jpg</filename>
	<path>C:\Users\Witan\Desktop\LPEX\Lab\Motorcycle\34258973_1049504038559764_689545450205741056_n.jpg</path>
	<source>
		<database>Unknown</database>
	</source>
	<size>
		<width>960</width>
		<height>720</height>
		<depth>3</depth>
	</size>
	<segmented>0</segmented>
	<object>
		<name>LicensePlate</name>
		<pose>Unspecified</pose>
		<truncated>0</truncated>
		<difficult>0</difficult>
		<bndbox>
			<xmin>245</xmin>
			<ymin>445</ymin>
			<xmax>363</xmax>
			<ymax>598</ymax>
		</bndbox>
	</object>
</annotation>
