<annotation>
	<folder>Motorcycle</folder>
	<filename>943909_1744855892401940_112322191092860149_n.jpg</filename>
	<path>C:\Users\Witan\Desktop\LPEX\Lab\Motorcycle\943909_1744855892401940_112322191092860149_n.jpg</path>
	<source>
		<database>Unknown</database>
	</source>
	<size>
		<width>540</width>
		<height>960</height>
		<depth>3</depth>
	</size>
	<segmented>0</segmented>
	<object>
		<name>LicensePlate</name>
		<pose>Unspecified</pose>
		<truncated>0</truncated>
		<difficult>0</difficult>
		<bndbox>
			<xmin>65</xmin>
			<ymin>349</ymin>
			<xmax>471</xmax>
			<ymax>642</ymax>
		</bndbox>
	</object>
</annotation>
